1,5.52,5.31,5.89,-2.9,-3.21,-2.78,-0.78,-0.89,-0.65,4.61,4.43,4.82,194.79,191.51,197.13,56.63,55.81,56.89,4.43,4.41,6.08,421.3,404.9,428.2,113599,95618,320862
1,5.96,5.95,6.05,-4.99,-5.12,-3.52,1.11,-0.74,1.12,2.99,2.79,4.74,175.6,167.32,191.85,29.71,28.55,52.79,4.52,4.46,5.88,424.5,419.7,426.3,204232,198939,294087
1,6.13,5.82,6.25,-4.58,-5,-4.57,1.18,0.77,1.86,3.85,1.65,4.17,165.22,159.63,170.5,39.2,17.22,41.95,4.36,4.23,6.01,423.3,421.2,428.2,200700,179884,322068
1,5.59,5.51,5.62,-4.7,-4.72,-4.55,2.41,2.02,2.82,1.52,1.49,2.27,152.68,148.27,156.77,15.83,15.65,23.94,3.42,3.28,3.68,417.7,409.4,425.4,111564,89879,115241
1,5.63,5.57,5.92,-4.69,-4.96,-4.67,2.55,2.43,2.87,1.53,1.27,2.06,151.26,148.39,153.89,16.03,13.07,20.46,3.57,3.55,4.35,413.2,407.6,420.9,103110,100518,106906
1,6.05,6.05,6.05,-3.24,-3.24,-3.24,5.05,5.05,5.05,-0.01,-0.01,-0.01,122.72,122.72,122.72,-0.12,-0.12,-0.12,4.57,4.57,6.14,425.9,410.9,427.2,116166,89148,308955
1,6.09,6.08,6.12,-3.96,-4.65,-3.17,4.62,3.86,5.17,0.04,-0.13,0.44,130.78,121.48,140.27,0.33,-1.19,4.2,4.45,3.41,5.93,410.4,409.1,426.7,96244,95757,304093
1,6.08,6.06,6.1,-3.91,-4.32,-3.24,4.39,4.15,4.96,-0.75,-1.09,-0.15,130.36,123.19,136.19,-7.14,-10.5,-1.42,4.26,3.83,5.18,415.2,414.4,424.5,84487,81037,205895
1,6.05,5.98,6.06,-3.85,-4.7,-3.66,4.58,3.56,4.6,0.77,-0.81,1.21,133.78,128.51,142.85,7.29,-7.83,11.57,4.62,4.54,5.25,421.5,417.9,425.8,89713,78940,179455
1,5.89,5.76,6.06,-3.51,-4.88,-3.22,4.77,2.59,4.81,-0.53,-1.3,0.7,133.98,123.98,152.05,-5.11,-13.21,6.91,4.57,3.06,4.23,424.6,424.2,425,89753,88193,103398
1,6.11,6.1,6.12,-3.58,-3.63,-2.93,4.94,4.88,5.31,0.07,-0.02,0.34,123.85,118.91,126.68,0.63,-0.15,3.21,4.75,4.62,4.59,424.3,424,424.6,75580,62038,91986
1,6.04,5.94,6.08,-3.76,-4.07,-3.28,4.37,4.32,5.02,-0.47,-1.35,0.39,129.07,123.21,132.96,-4.45,-13.24,3.76,4.79,4.45,4.19,421.2,420.9,422.1,89803,89765,106995
1,6.07,5.91,6.08,-3.48,-3.71,-2.82,4.53,4.46,4.7,-1.35,-2.18,-0.34,126.08,120.94,129.3,-13.02,-21.05,-3.54,4.62,4.55,4.91,422.3,419.1,422.9,178931,156399,185621
1,6.08,6.07,6.13,-4.39,-5.33,-4.21,4.02,2.71,4.25,-0.89,-0.93,0.84,141.75,134.7,153.05,-8.54,-8.86,8.01,4.51,3.37,4.95,421.3,418.6,421.3,184959,117199,198679
1,6.36,6.11,6.45,-6.01,-6.02,-5.51,1.06,1.05,2.32,1.71,1.24,2.08,165.78,157.19,170.11,15.68,11.72,18.86,3.5,3.36,5.32,421.1,417.8,425.3,162004,87006,178597
1,6.54,6.49,6.56,-6.04,-6.13,-5.97,0.73,0.71,0.89,2.36,2.2,2.4,172.68,171.54,173.31,21.34,19.61,21.56,3.59,3.36,4.02,409.9,407.8,415.1,92531,88028,113887
1,6.32,6.13,6.54,-5.86,-6.19,-5.4,0.81,0.73,0.83,2.21,1.99,2.78,172.21,171.22,173.27,20.53,17.69,26.95,4.02,3.5,5.03,420.5,413.3,428.4,128692,92456,171412
1,6.29,6.21,6.5,-5.56,-6.24,-5.26,1.04,0.98,1.35,2.66,1.18,3.1,168.88,167.8,169.47,25.16,10.44,30.14,3.48,3.16,5.64,425.8,419.4,427.3,234891,138291,287682
1,6.49,6.43,6.52,-6.16,-6.23,-6.1,1.64,1.49,1.66,1.27,0.69,1.31,165.48,164.92,166.27,11.22,6.13,11.82,3.21,3.06,5.03,417.9,417.7,421.1,199227,166628,200513
1,6.16,6.05,6.45,-5.61,-6.14,-5.48,1.74,1.65,2,1.43,1.02,1.95,162.56,159.95,164.99,13.65,9.14,18.44,3.25,2.7,6.23,428.7,421.7,428.8,306204,203722,316672
1,6.27,6.27,6.41,-5.81,-5.99,-5.74,2.05,1.79,2.42,0.98,0.56,1.46,160.38,157.11,162.88,8.77,5.14,13.46,3.48,3.35,6.04,424.2,418.4,430,225743,211858,315518
1,6.14,6.03,6.16,-4.97,-5.73,-4.94,2.39,2.1,2.92,-1.41,-2.13,0.39,154.56,149.61,159.89,-14.4,-20.27,3.64,3.31,2.8,3.98,412.9,406.9,420.8,106215,105871,226937
1,6.23,6.21,6.25,-5.89,-6.07,-5.58,1.05,0.28,1.9,0.92,0.29,2.39,169.81,162.09,177.16,8.52,2.72,23.16,1.86,1.8,4.53,426.5,419.4,426.5,128755,120390,196147
1,6.29,6.26,6.29,-5.45,-5.57,-5.35,0.19,0.01,0.42,3,2.9,3.3,177.88,175.63,179.94,28.74,27.45,31.64,3.6,3.51,5.92,430.3,430.2,430.4,307162,301862,319538
1,6.29,6.25,6.31,-5.36,-5.4,-5.33,-0.68,-1.14,-0.19,3.07,3.01,3.32,187.08,182.02,192.1,29.44,28.88,31.78,3.96,3.85,5.75,431.1,421.8,433.1,306529,193901,312232
1,6.38,6.33,6.46,-5.04,-5.45,-4.95,-0.22,-0.88,-0.02,3.81,3.14,4.14,183.97,180.18,189.18,37.05,29.65,39.89,4.97,4.78,6.03,430.1,430,430.3,310349,305289,314785
1,6.39,6.37,6.4,-4.75,-4.81,-4.73,0,-0.23,0.25,4.24,4.23,4.25,179.95,177.03,182.8,41.68,41.34,41.93,4.95,4.85,5.67,430,427.4,431.5,303040,233474,336289
1,6.35,6.35,6.36,-4.63,-4.64,-4.5,0.9,0.61,0.99,4.28,4.27,4.36,169.7,167.64,172.51,42.44,42.19,43.37,4.95,4.91,5.9,430,419.8,431,319488,86997,334256
1,6.51,6.42,6.53,-5.2,-5.26,-5.09,1.4,0.96,1.65,3.65,3.42,3.78,165.6,162.6,169.56,34.6,31.82,35.64,4.72,4.72,5.84,428,422.6,433.6,141405,124152,302002
1,6.57,6.51,6.58,-5.24,-5.35,-5.23,1.05,-0.56,1.55,3.52,3.51,3.95,172.81,163.5,186.13,32.83,32.73,36.94,4.85,4.64,5.73,431.5,431.3,432.6,274279,261512,315370
1,6.54,6.52,6.59,-5.2,-5.22,-5.14,-0.49,-0.63,-0.27,4,3.86,4,185.12,183.01,186.94,37.4,36.37,37.77,4.91,4.86,6,432.2,428,433.2,304266,246956,308752
1,6.52,6.51,6.52,-5.25,-5.31,-5.23,-0.79,-0.94,-0.72,3.78,3.7,3.78,188.81,187.75,190.18,35.42,34.57,35.44,5.05,4.96,5.06,423.7,422.9,426.3,170056,134700,221821
1,6.49,6.45,6.5,-5.23,-5.24,-5.19,-0.74,-0.86,-0.63,3.76,3.69,3.82,188.12,186.83,189.46,35.39,35.02,36.02,5.08,4.96,4.15,421.2,419.2,424.8,191936,176433,257854
1,6.47,6.4,6.5,-5.31,-5.37,-5.28,-0.22,-0.48,-0.17,3.59,3.57,3.75,183.15,181.8,185.24,33.87,33.76,35.27,5.03,4.94,5.19,436.7,436.5,438.3,303971,291344,310842
1,6.48,6.42,6.53,-5.21,-5.24,-5.06,-0.75,-0.8,-0.57,3.81,3.79,3.88,187.82,186.25,188.71,36.03,35.54,37.2,5.1,4.85,5.13,437.6,437.1,437.6,301712,297577,306694
1,6.57,6.53,6.57,-5.22,-5.34,-5.1,-0.72,-0.73,-0.61,3.85,3.74,4.1,187.47,186.8,187.82,36.18,34.77,38.57,4.84,4.79,5.02,437.7,437.5,437.9,304300,299441,310083
1,6.47,6.47,6.49,-5.33,-5.33,-4.99,-1.1,-1.17,-0.41,3.48,3.46,4.09,189.56,184.68,192.34,32.51,32.5,39.26,5.44,5.24,5.39,436.1,435.9,436.5,293146,253015,299866
1,6.49,6.45,6.5,-5.53,-5.64,-5.42,-1.17,-1.67,-0.8,3.08,2.96,3.19,192.36,188.27,197.12,28.5,27.22,29.74,5.18,5.15,5.34,435.5,435.3,440.5,305910,296187,310680
1,6.31,6.22,6.57,-4.09,-5.56,-3.73,-3.66,-4.34,-2.04,2.73,2.44,2.79,217.14,200.14,229.34,25.24,23.08,26.46,5.03,4.88,5.5,431.8,429,431.9,183263,149576,227080
1,6.05,6.02,6.24,-3.38,-3.57,-3.37,-4.5,-4.52,-4.25,2.43,2.19,2.58,232.1,231.48,233.26,22.9,21.19,25.44,4.84,4.81,4.31,429.2,428.8,429.2,153316,134659,161130
1,6.05,6.04,6.06,-3.52,-3.68,-3.12,-4.37,-4.4,-4.04,2.72,1.84,2.76,231.16,228.9,234.48,26.87,17.81,27.29,4.95,4.84,3.63,424.9,422.4,425.7,134515,120332,143145
1,6.06,6.03,6.1,-3.5,-3.6,-3.39,-4.52,-4.78,-4.49,1.77,1.63,1.89,232.74,231.52,234.62,17.02,15.52,18.38,4.69,4.65,3.9,424.6,423.9,427.2,128356,122436,136187
1,6.04,6,6.05,-4.13,-4.38,-2.98,-3.68,-4.89,-3.26,2.44,1.75,2.57,225.63,216.66,238.63,23.78,16.98,25.21,4.2,3.97,3.89,431.6,426.7,432.4,118806,110551,123362
1,6.01,6.01,6.03,-4.59,-4.97,-4.24,-2.92,-3.3,-2.26,2.54,2.54,2.66,211.63,204.47,217.93,25,24.97,26.33,3.37,2.22,4.18,426.8,425.9,426.8,88129,81925,93793
1,6.04,6.04,6.08,-4.81,-4.95,-4.64,-2.93,-3.62,-2.69,2.08,1.52,2.14,212.62,208.5,217.99,20.26,14.48,20.75,3.46,3.07,4.12,426.2,425.7,426.7,97492,72900,116177
1,5.94,5.91,5.97,-4.82,-5.05,-4.71,-2.17,-2.56,-1.97,2.56,2.41,2.57,204.67,201.29,208.49,25.67,24.02,25.81,4.13,2.95,4.52,425,424.3,431.7,108298,99512,109504
1,5.84,5.78,5.87,-4.49,-4.49,-4.14,-2.79,-3.19,-2.63,2.54,2.44,2.55,213.3,210.37,217.63,25.61,25.08,26.12,4.49,4.39,4.46,431.5,426.4,432.7,107552,98485,116195
1,6.01,5.93,6.02,-4.6,-4.71,-4.6,-2.7,-2.85,-2.26,2.6,2.54,2.77,209.32,205.68,211.85,25.9,25.66,27.43,4.4,4.4,4.84,434.7,434.1,437.6,111192,106431,112851
1,6.19,6.03,6.33,-4.75,-5.24,-4.73,-3.1,-3.74,-2.67,1.89,1.88,2.02,212.82,207.03,218.36,17.79,17.29,19.57,4.71,4.31,5.57,437.5,437.1,448.2,103269,100718,139355
1,6.55,6.45,6.55,-4.62,-4.78,-4.5,-4,-4.38,-3.8,1.8,1.73,2.04,221.19,218.53,224.18,15.99,15.82,18.48,4.43,4.14,5.21,428.4,423.8,432.9,197478,194993,226194
1,6.6,6.54,6.63,-5.7,-6.22,-5.61,0.5,0.21,0.72,3.13,2.09,3.31,175.42,173.43,177.88,29.05,18.43,30.17,4.31,4.05,4.76,428.9,424,433.4,255282,243452,299533
1,6.6,6.58,6.64,-6.13,-6.24,-6.09,1.11,-0.4,1.75,1.99,1.94,2.09,172.45,163.95,183.68,17.68,17.04,18.56,4.24,4.11,4.23,426,418.6,429.5,239693,132219,258802
1,6.6,6.41,6.65,-5.02,-5.58,-4.39,3.41,-2.45,4.04,2.58,0.99,2.75,161.32,137.34,203.7,23.05,9.21,24.72,4.96,4.86,3.63,424.5,422.3,431.1,132990,98754,199186
1,6.66,6.65,6.68,-5.95,-6.1,-5.67,2.24,1.83,2.49,2.02,1.91,2.41,159.65,156.33,163.26,17.61,16.7,21.29,4.1,3.5,4.32,420.7,415.4,435,120765,98059,331593
1,6.74,6.7,6.74,-5.72,-5.86,-5.6,2.29,2.22,2.41,2.78,2.16,2.96,158.07,157.62,158.78,24.37,18.81,26.1,4.55,4.19,5.75,421.6,420.7,432.9,213450,186069,305390
1,6.73,6.67,6.75,-5.62,-5.73,-5.48,2.33,1.93,2.4,2.86,2.64,3.24,158.46,157.28,160.61,25.14,22.99,29.16,4.48,4.39,4.67,420.6,415.9,431,100040,93367,248095
1,6.69,6.68,6.77,-5.38,-5.4,-5.3,1.94,1.48,2.02,3.55,3.38,3.79,161.34,159.43,164.69,32.16,30.46,34.09,4.95,4.68,3.39,421,411.9,422.7,123074,95364,198600
1,6.7,6.68,6.73,-5.42,-5.48,-5.41,3.13,2.57,3.27,2.22,2.13,2.81,151.26,148.83,154.66,19.42,18.65,25.13,5.07,5.07,2.11,415.2,410.7,415.7,108469,80979,139004
1,6.7,6.69,6.71,-5.44,-5.59,-5.2,3.24,3.04,3.37,2.18,2.06,2.52,149.25,147.06,151.44,19,17.9,22.14,5.12,5.03,3.67,419.8,407.2,424.9,110235,107870,216757
1,6.72,6.7,6.73,-4.65,-5.06,-4.55,3.86,3.42,3.9,2.88,2.79,2.97,141.88,139.41,145.89,25.46,24.55,26.36,5.34,5.25,2.77,420.1,416.2,427.2,112108,72463,126970
1,6.71,6.71,6.74,-5.26,-5.35,-5.17,2.95,2.4,3.41,2.71,2.56,3.44,151.08,146.63,155.47,23.89,22.43,30.72,5.21,5.07,3.13,423.4,412.7,424.8,118799,96545,207958
1,6.67,6.66,6.71,-5.04,-5.22,-5.02,0.97,0.8,1.85,3.99,3.6,4.29,166.74,159.84,170.91,36.95,33.81,40.14,5.27,5.1,2.93,410.9,407.6,418.9,106179,103969,152140
1,6.64,6.63,6.67,-5.58,-5.62,-5.38,2.24,1.75,2.7,2.83,2.74,3.1,158.08,153.33,162.63,25.21,24.4,27.95,5.32,5.28,3.93,422.2,419,423,172919,114556,228928
1,6.59,6.57,6.63,-5.45,-5.5,-5.36,2.36,2.34,2.71,2.77,2.73,2.84,155.55,153.18,156.89,24.76,24.53,25.56,5.39,5.34,2.78,416.5,415.1,420.4,119881,102203,125769
1,6.66,6.64,6.66,-5.54,-5.65,-5.39,2.55,2.28,2.8,2.64,2.6,2.7,155.3,152.55,158.06,23.45,23.1,23.93,5.07,5,4.18,416.4,413.5,428.4,123995,115296,208616
1,6.67,6.61,6.67,-5.72,-5.73,-5.57,1.99,1.95,2.05,2.73,2.54,3.05,160.61,160.27,161.26,24.23,22.75,27.29,4.95,4.89,4.29,419.7,415.9,423.1,129984,92399,247441
1,6.66,6.63,6.68,-5.72,-5.85,-5.64,1.15,1.11,1.4,2.75,2.67,2.98,167.99,166.21,169.26,25.55,24.41,26.61,5.04,4.22,4.27,429,421.2,433,261706,223164,301862
1,6.62,6.61,6.66,-4.98,-5.68,-4.37,-0.04,-0.13,1.47,4.23,3.14,4.94,175.82,165.45,181.49,40.32,28.17,48.51,5.94,5.19,6.14,432,431.1,434,306344,166821,318067
1,6.68,6.63,6.71,-5,-5.14,-4.67,-0.36,-0.52,-0.3,4.46,4.25,4.65,184.56,183.29,186.34,41.63,39.56,44.7,5.27,5.24,5.98,417.3,416.3,432.2,101526,92571,305674
1,6.72,6.68,6.73,-4.95,-5.58,-4.62,0.46,0.01,0.93,4.44,3.72,4.58,174.61,168.67,179.85,41.86,33.59,44.21,5.31,4.99,3.97,422.6,422.2,427.2,216995,147859,226957
1,6.7,6.66,6.7,-5.67,-5.7,-5.4,0.4,-0.3,1.18,3.52,3.38,3.83,175.57,167.67,183.04,31.82,30.63,34.75,5.12,5.12,4.07,425.1,423.3,430.9,239225,224614,241280
1,6.71,6.68,6.75,-5.2,-5.94,-5.04,-1.67,-1.87,-0.28,3.81,3.02,4.14,193.67,182.74,199.83,34.56,26.94,37.93,5.23,4.83,3.9,423.3,421.3,423.8,213847,209850,218638
1,6.79,6.78,6.79,-4.52,-4.9,-4.32,-2.62,-3.38,-2.21,4.11,3.99,4.31,210.81,204.24,218.04,37.39,36,39.49,5.28,5.18,3.86,426.6,426.3,427,118044,110082,122396
1,6.9,6.8,6.91,-4.63,-4.72,-3.94,-3.66,-4.35,-3.53,3.57,3.44,3.61,220.96,216.76,227.85,31.18,30.35,31.46,5.17,5.16,4.17,424.7,423.5,426.4,97494,92338,112780
1,6.95,6.95,7,-5.66,-5.72,-4.93,-1.06,-2.71,-0.76,3.88,3.8,4.02,195.64,187.55,208.82,33.94,33.4,35.51,4.88,4.79,4.01,423.3,420.8,423.9,106642,101458,121724
1,7.04,6.99,7.08,-5.08,-5.81,-4.36,-1.82,-2.46,-1.51,4.48,3.42,4.98,201.24,194.57,209.41,39.74,29.68,44.89,4.91,4.69,3.97,421,420.8,421.7,118343,112996,119351
1,7.1,7.09,7.11,-5.19,-5.3,-4.84,-2.39,-2.76,-2,4.4,4.04,4.41,205.02,201.08,209.73,38.34,34.8,38.39,4.97,4.94,4.08,421.8,412.6,426.6,107384,87862,113716
1,7.03,7.01,7.07,-5.07,-5.18,-5,-1.78,-1.92,-1.58,4.52,4.4,4.64,199.08,197.56,200.35,40.08,38.53,41.51,5.19,5.19,5.17,422.2,411,425.1,99901,87871,196337
1,7,6.99,7.02,-4.93,-4.94,-4.9,-2.33,-2.33,-2.07,4.4,4.4,4.51,204.48,202.75,205.49,39.06,38.83,40.18,5.35,5.22,6.12,427.4,424.3,431.3,228339,191094,258509
1,7.1,7.01,7.1,-4.95,-5.04,-4.93,-1.86,-1.96,-1.85,4.62,4.6,4.74,200.78,200.53,201.27,41.29,40.39,41.84,5.19,5.09,5.72,425.4,424.5,428.6,146134,98471,297854
1,7.07,7.06,7.1,-5.1,-5.17,-5.08,-2.13,-2.34,-2.01,4.31,4.31,4.51,202.89,201.53,204.71,37.64,37.6,39.45,5.16,5.01,4.25,424.7,424,424.8,90654,79768,131006
1,7.02,6.99,7.05,-4.94,-5.02,-4.75,-2.42,-2.65,-2.36,4.37,4.18,4.47,206.81,205.58,209.1,38.56,36.89,39.39,5.31,5.2,4.71,429.4,425.8,438.7,88092,86748,93205
1,6.94,6.92,6.97,-5.43,-5.8,-5.28,0.96,-1.12,1.17,4.17,3.65,4.29,176.8,168.57,192.01,37.04,31.69,38.43,5.27,5.2,5.59,448.4,442.9,455.5,120253,108281,160251
1,6.94,6.83,6.99,-5.67,-5.89,-5.32,1.5,0.66,3.28,3.46,2.02,3.49,162.47,148.31,173.33,29.65,17.88,31.44,5.12,4.8,5.77,425.9,410.9,430.4,112913,91349,312296
1,6.96,6.96,7.01,-4.69,-5.53,-4.44,5,3.93,5.37,-0.57,-0.98,1.48,135.77,129.56,144.58,-4.64,-8.11,12.29,5.2,5,4.82,417.4,409.6,422.8,152629,109890,255401
1,6.97,6.96,7,-5.93,-6.05,-5.71,3.36,2.42,3.8,1.46,1.14,2.39,151.7,146.37,158.23,12.05,9.45,20.11,4.83,4.8,6.09,419.7,416.9,429.8,238752,116660,310211
1,6.86,6.85,6.91,-5.65,-5.95,-4.8,2.2,-0.66,2.52,3.05,2.59,3.46,167.74,155.93,187.85,26.23,22.24,35.52,5,4.74,6.1,430.2,429.6,430.6,317204,307892,319000
1,6.83,6.82,6.83,-3.7,-4.14,-3.48,-3.47,-3.68,-2.94,4.56,4.52,4.56,221.71,215.39,226.58,41.96,41.67,42.02,5.85,5.43,5.87,431.7,430.5,431.8,327843,323422,329385
1,6.81,6.77,6.84,-4.2,-4.28,-3.93,-2.49,-2.89,-0.48,4.77,4.37,4.81,203.95,187.02,214.06,44.33,40.2,50.54,5.26,5.25,6.18,430.1,429.2,430.7,316137,305819,321909
1,6.95,6.9,6.95,-2.67,-3.06,-1.57,1.29,1.16,2.2,6.24,5.83,6.41,147.32,143.42,154.25,64.59,57.12,73.07,6.44,6.14,6.46,421.8,419.3,429,201428,109609,293078
1,6.91,6.89,7.02,-4.04,-4.99,-2.44,-2.42,-3.05,1.38,4.69,4.13,5.73,192.05,150.57,217.13,42.8,36.71,63.95,5.5,5.46,6.46,425.5,416,430,162185,122229,187855
1,6.87,6.84,6.88,-4.19,-4.27,-3.45,-3.36,-3.44,-2.29,4.74,4.19,4.83,217.25,208.63,224.95,44.77,37.63,44.78,5.53,5.43,6.54,423.9,419.8,426.9,156703,143133,241760
1,6.82,6.69,6.85,-2.92,-3.03,-2.91,-3.97,-4.43,-3.57,4.5,4.19,5.04,233.39,230.79,235.6,42.38,37.99,47.54,6.04,5.89,6.52,426,423.7,427.8,153453,126849,197348
1,6.97,6.89,7.01,-2.11,-2.47,-1.95,-3.14,-3.52,-2.26,5.84,5.37,6.28,233.44,229.25,236.11,57.12,51.3,64.55,6.07,5.92,5.15,431,425.5,437.4,85307,80063,110471
1,6.97,6.96,6.98,-3.63,-4.13,-3.12,-2.91,-2.91,-2.46,5.13,4.72,5.46,217.39,215.19,218.73,47.83,43.09,54.01,5.81,5.55,4.38,428.7,425.1,437.8,86994,85868,87724
1,6.97,6.95,7,-3.95,-4.22,-3.78,-2.1,-2.82,-0.41,5.34,5.04,5.51,203.44,185.58,215.54,51.05,46.08,52.42,5.78,5.72,4.25,426.3,424.1,435.1,85533,82362,89537
1,7.06,7.05,7.06,-4.13,-4.23,-3.99,-0.68,-2.38,0,5.6,5.18,5.7,193.3,180.05,210.83,52.6,48.1,54.1,5.65,5.5,4.34,425,424.5,426.8,87559,83481,88017
1,6.98,6.96,7.12,-4.4,-4.58,-3.88,-2.42,-2.58,-2,5.03,4.82,5.18,208.68,203.61,213.65,45.17,43.81,48.01,5.62,5.57,4.3,427.1,422.6,427.8,97578,95107,110809
1,6.96,6.92,6.98,-5.3,-5.55,-4.62,-0.39,-0.97,-0.11,4.42,4.09,4.93,185.7,181.2,191.85,39.8,36.33,46.23,5.19,4.93,6.42,423.9,422.4,429.4,116717,113680,187499
1,6.92,6.89,6.93,-5.49,-5.63,-5.47,0.38,-0.11,0.64,4.18,3.88,4.23,176.91,173.52,181.2,37.22,34.43,37.69,5,4.84,6.32,428.2,426.6,429.2,184546,176441,189520
1,6.74,6.68,6.78,-5.08,-5.11,-4.86,0.07,-0.17,0.09,4.46,4.42,4.58,180.02,178.88,181.95,41.15,40.97,43.32,4.92,4.64,5.68,426.1,425.8,426.9,180795,159124,186441
1,6.78,6.65,6.82,-4.82,-4.85,-4.75,-0.51,-0.57,-0.01,4.72,4.63,4.78,184.32,180.14,186.73,44.2,44.15,44.6,4.8,4.67,4.23,425.7,424.1,426.6,107103,93648,124911
1,6.86,6.85,6.86,-4.76,-4.92,-3.77,1.52,0.19,3.84,4.61,4.17,4.75,158.31,134.46,177.84,42.7,37.81,43.92,4.84,4.83,4.63,436.4,433,437.4,80822,71466,106984
1,7.05,7.04,7.06,-3.69,-3.88,-2.89,4.79,4.45,6.01,3.34,2.19,4.05,124.82,115.69,129.69,28.44,18.15,35.05,5.11,4.97,4.86,424.7,424.5,444.6,102178,96895,122314
1,6.94,6.93,7.02,-3.6,-4.44,-3.04,3.98,1.42,4.54,4.32,4.27,4.34,139.29,123.83,162.3,38.84,38.49,42.46,5.08,4.94,4.11,424.2,424,424.6,112672,111462,113203
1,6.9,6.9,6.91,-5.26,-5.29,-4.9,-1.09,-1.91,-0.84,4.2,3.89,4.78,193.77,189.73,199.91,37.84,34.82,43.91,4.93,4.83,4.06,424.4,423.7,425.2,104399,88971,120581
1,6.97,6.94,6.97,-4.85,-4.86,-4.71,-0.61,-0.89,0.01,4.97,4.91,5.02,185.92,179.83,190.76,45.45,45.28,46.37,4.99,4.94,4.51,427.7,424,437.6,95753,92169,105048
1,6.88,6.87,6.92,-4.68,-4.88,-4.64,0.46,0.37,0.7,4.98,4.85,5.05,173.89,171.87,175.43,46.68,44.51,47.29,5.25,5.09,4.14,425,424.7,425.4,98726,95689,119163
1,6.87,6.86,6.87,-4.77,-4.82,-4.42,-0.47,-2.05,0.72,4.81,4.46,4.92,186.9,171.49,203.22,44.61,40.69,47.88,5.23,5.09,4.32,425.5,425.3,436.6,100737,88143,107913
1,6.84,6.84,6.86,-4.87,-4.9,-4.73,-1.91,-2.06,-1.2,4.47,4.42,4.55,199.55,193.72,203.51,40.95,40.19,42.07,5.22,5.16,3.96,423.8,423.1,424.6,103481,102140,110235
1,6.85,6.83,6.86,-5.06,-5.26,-4.94,-1.73,-1.73,-1.28,4.25,4.21,4.35,197.25,193.66,199.24,38.42,37.89,39.74,5.19,5.06,3.96,424.3,424.3,424.6,99649,95771,121182
1,6.83,6.82,6.84,-5.34,-5.48,-5.33,-1.33,-1.41,-1.14,4.01,3.89,4.07,193.53,191.78,194.81,35.99,34.81,36.54,5.06,5.02,3.98,426,425.2,426,98553,92362,105266
1,6.82,6.81,6.84,-5.53,-5.54,-5.39,-1.21,-1.47,-0.95,3.87,3.78,3.89,192.43,189.78,195.2,34.69,33.69,34.71,4.99,4.93,5.49,427.3,425.7,427.6,145694,114489,161139
1,6.92,6.91,6.92,-5.48,-5.49,-5.28,-0.77,-0.84,-0.64,4.17,4.09,4.39,187.91,186.67,188.71,37.11,36.38,39.47,5.05,5.05,3.93,424.8,424.2,425.2,111410,106455,124785
1,6.92,6.9,6.93,-5.69,-5.71,-5.68,-0.67,-0.72,0,3.86,3.8,3.86,184.64,179.98,187.25,33.85,33.75,34.03,4.72,4.64,3.99,424.5,423.3,424.6,113727,110333,119013
1,6.95,6.94,6.98,-6.13,-6.26,-6.12,0.08,-0.3,0.41,3.19,3.06,3.26,179.38,176.14,182.74,27.44,26.04,27.99,4.76,3.69,4.54,439.3,425.4,439.6,96430,96088,103803
1,6.98,6.95,6.99,-5.93,-6.05,-5.71,1.54,1.42,1.79,3.37,2.99,3.72,165,163.55,166.03,28.82,25.33,32.27,4.62,4.4,4.99,442.2,434.1,445.7,109844,78286,111621
1,7,6.99,7.01,-5.66,-5.72,-5.62,0.89,0.72,1.11,4,3.78,4.05,170.93,168.82,172.78,34.92,33.13,35.33,4.45,4.24,5.03,441.3,439.7,443.4,115575,94437,129875
1,6.98,6.97,6.98,-5.5,-5.59,-5.4,1.39,1.22,1.69,4.04,3.99,4.08,165.4,162.59,167.73,35.42,34.91,35.75,4.52,4.52,5.41,445.2,444.9,446.9,187415,180576,190650
1,6.92,6.89,6.94,-5.28,-5.5,-4.91,2.66,1.86,3.45,3.56,3.38,3.78,153.12,144.87,161.28,31.08,29.39,33.09,4.53,4.52,5.65,439.3,439.1,464,149931,122442,172044
1,6.93,6.92,6.93,-4.92,-5.01,-4.44,3.32,3,3.42,3.64,3.55,4.04,145.84,142.43,149.05,31.9,30.89,35.81,4.54,4.48,6.66,453.3,448.9,461.1,148386,142838,149504
1,6.87,6.83,6.88,-3.39,-3.76,-3.18,4.92,4.51,4.94,3.44,3.32,3.58,125.73,122.9,129.81,30.39,28.98,31.41,5.3,5.03,5.34,444,442.8,445.1,151745,96662,170814
1,6.88,6.84,6.91,-3.1,-3.25,-3.01,5.12,4.96,5.21,3.4,3.13,3.49,121.47,120.39,123.24,29.83,27.36,30.43,5.51,5.46,5.92,452.5,433.9,453.2,204790,150975,223940
1,6.83,6.81,6.85,-3.28,-3.92,-2.9,4.94,4.92,5.03,3.34,2.64,3.56,124.04,120.01,128.43,29.45,22.76,31.53,5.93,5.06,5.92,438.3,435.8,442.8,266673,224713,280610
1,6.86,6.86,6.88,-4.32,-4.41,-4.06,5.05,4.96,5.05,1.61,1.46,2.29,130.32,129.28,131.12,13.64,12.25,19.67,5.09,4.96,3.15,436.1,426.1,437.4,140948,58523,174420
1,6.85,6.8,6.86,-4.83,-5.08,-4.45,4.25,3.98,4.95,2.09,1.6,2.25,137.49,131.93,141.92,18.01,13.52,19.19,4.84,4.52,2.14,417.3,416,419.1,89077,69132,89981
1,6.82,6.81,6.84,-4.13,-4.65,-3.18,4.72,4.31,5.84,2.31,1.43,2.38,129.01,118.62,137.18,20.19,12.16,20.56,4.94,4.75,4.18,433.3,421.1,466.5,114443,20238,296748
1,6.81,6.79,6.83,-3.49,-3.79,-3.44,5.63,5.61,5.67,1.41,0.25,1.51,122.37,121.25,124.09,11.98,2.11,12.88,6.01,4.82,3.33,424.3,424,427.6,129997,79737,191636
1,6.74,6.7,6.82,-3.54,-3.74,-3.01,5.63,5.5,5.97,0.39,-0.53,0.46,121.05,116.77,124.23,3.36,-4.52,3.93,5.15,4.89,5.63,429.8,417.1,430.1,173284,110121,225707
1,6.71,6.69,6.74,-3.82,-4.5,-3.55,5.51,4.94,5.72,-0.11,-0.16,0.32,126.31,121.8,132.36,-0.97,-1.34,2.72,4.81,4.71,5.82,433.5,430.9,433.6,277519,249219,309615
1,6.65,6.62,6.68,-3.79,-4.15,-3.21,5.44,5.23,5.73,-0.08,-0.46,-0.07,124.2,119.25,128.47,-0.68,-4.05,-0.56,5.09,4.91,5.92,430.8,423.2,433.7,261047,146849,304781
1,6.65,6.63,6.67,-2.51,-3.01,-2.32,6.07,5.85,6.1,-0.91,-1.23,-0.78,113.48,110.82,117.19,-7.9,-10.66,-6.73,6.07,5.91,6.02,421.4,420.1,430.8,137627,105215,230431
1,6.47,6.44,6.53,-5.67,-5.88,-4.97,-1.06,-1.25,1.62,2.58,0.89,2.76,181.62,161.95,192.43,23.38,9.62,25.45,3.94,3.76,6.32,430.5,430.4,432.3,237666,195450,256455
1,6.49,6.47,6.51,-6.18,-6.24,-5.87,-0.04,-0.34,0.12,1.97,1.55,2.82,180.82,178.93,183.15,17.63,13.91,25.66,2.58,2.03,6.26,431.5,430.4,433,222411,197761,289613
1,6.54,6.54,6.54,-6.09,-6.11,-6.08,0.61,0.49,0.7,2.24,2.2,2.27,174.37,173.44,175.44,20.05,19.76,20.33,4.32,3.94,6.01,432,431.4,433.4,241364,233823,251778
1,6.55,6.29,6.57,-6.04,-6.19,-4.95,0.53,0.48,3.02,2.09,1.84,2.46,166.46,148.62,175.57,18.65,17.57,22.11,4.22,3.85,6.04,429.4,429.1,432.4,196148,155286,240996
1,6.31,6.28,6.36,-4.93,-5.58,-4.48,3.33,1.55,3.76,2.28,2.18,2.48,150.12,139.99,164.48,21.3,20.13,23.21,4.11,3.77,4.75,431,428,441.5,112198,106450,126012
1,6.56,6.35,6.61,-5.57,-5.61,-5.43,2.67,1.89,3.31,2.04,1.74,2.37,154.83,148.63,161.29,18.21,15.26,21.94,3.92,3.86,5.85,432.7,430,443.9,223639,188844,293099
1,6.65,6.63,6.67,-5.46,-5.54,-5.41,3.21,3.1,3.35,1.88,1.66,2.16,149.51,148.21,150.41,16.45,14.53,19,4,3.9,5.82,434.7,434.4,435.5,240353,230812,261561
1,6.69,6.64,6.76,-5.38,-5.52,-5.25,3.53,3.5,3.54,1.85,1.58,1.95,146.82,146.12,147.35,16.09,13.52,17.1,4.01,4.01,6.16,433.9,432.3,438.7,108510,96190,169397
1,6.78,6.76,6.81,-5.78,-5.84,-5.71,3.01,2.85,3.26,1.69,1.57,1.98,152.23,150.26,153.75,14.4,13.4,17.11,3.87,3.79,5.6,426.2,415.9,431.2,117771,88269,214428
1,6.83,6.76,6.85,-3.47,-3.61,-3.29,5.84,5.77,5.86,-0.49,-0.56,-0.16,120.68,119.39,122,-4.15,-4.67,-1.4,4.9,4.85,5.93,417.4,416.7,428.8,95535,73798,198144
1,6.85,6.83,6.9,-3.99,-5.08,-3.64,5.53,4.66,5.77,0.04,-0.01,0.28,128.5,122.2,137.48,0.37,-0.11,2.35,4.93,4.73,6.06,434.7,432.7,435.7,296466,239142,300514
1,6.87,6.86,6.91,-2.95,-3.3,-2.88,5.53,5.45,5.94,2.53,1.81,2.71,118.37,115.87,121.19,21.66,15.29,23.4,5.79,4.86,5.5,436.4,436.1,436.8,290304,290051,295463
1,6.84,6.84,6.88,-4.22,-4.31,-3.96,4.97,4.75,5.12,2.07,2.06,2.28,130.09,127.7,132.23,17.7,17.56,19.54,4.64,4.63,5.77,435.4,434,435.5,295184,287596,297000
1,6.92,6.89,6.92,-5.02,-5.21,-4.88,4.62,4.36,4.65,0.9,0.68,1.54,137.96,136.61,140.04,7.48,5.68,12.94,4.35,3.44,5.85,434.1,428.7,438,300847,184035,308006
1,6.87,6.86,6.95,-5.15,-5.28,-5.12,4.38,4.15,4.66,0.88,0.06,1.28,139.72,137.87,141.82,7.41,0.51,10.74,4.43,4.31,5.67,434.5,432.7,434.5,250347,243640,259428
1,6.87,6.85,6.88,-4.9,-4.91,-4.9,3.84,3.7,4.18,2.83,2.29,3.04,141.47,139.52,142.99,24.4,19.57,26.26,4.56,4.49,6.11,432.4,429.9,437,219539,178157,270700
1,6.87,6.87,6.89,-5.28,-5.3,-5.01,3.69,3.17,3.8,0.78,-3.03,2.85,145.67,143.64,149.01,6.8,-26.21,24.62,4.56,4.45,5.82,427.3,426.6,433.7,122180,106980,265123
1,6.83,6.81,6.84,-5.36,-5.38,-5.23,3.46,3.16,3.74,-2.52,-2.79,-1.78,147.07,145.2,149.47,-21.92,-24.18,-15.15,4.44,4.39,5.93,433.6,432.8,433.8,265765,236350,265818
1,6.76,6.72,6.79,-6.03,-6.43,-4.78,2.18,-0.94,2.61,1.15,0.38,4.06,166.67,155.51,188.29,10.03,3.29,37.76,4.63,3.55,5.77,432.6,432.1,434.4,239482,201688,263944
1,6.74,6.6,6.74,-5.33,-6.29,-5.07,1.24,-0.5,1.47,3.18,2.26,3.74,171.76,164.57,184.52,31.36,19.68,34.08,4.63,3.11,5.73,435.4,433.6,435.6,292230,253453,295191
1,6.79,6.76,6.88,-4.7,-4.82,-4.57,4.59,1.69,4.72,-1.55,-1.75,3.56,143.41,134.87,160.65,-13.1,-15.12,34.86,4.54,4.3,5.88,433.9,433.9,435.3,289339,288999,305778
1,6.73,6.68,6.76,-4.82,-5.22,-4.71,4.14,4.12,4.27,-1.57,-2.16,-0.92,139.63,137.82,141.73,-13.86,-18.8,-7.85,4.76,3.5,5.75,433.7,433.1,434,283781,268203,295420
1,6.68,6.64,6.69,-4.75,-4.89,-4.62,4.46,4.11,4.64,-1.38,-1.77,-1.08,137.22,134.9,139.97,-11.94,-15.45,-9.35,4.67,4.47,5.75,435.3,432.8,435.8,263787,239361,295608
1,6.55,6.55,6.56,-5.02,-5.5,-4.84,3.44,2.82,3.89,-2.18,-2.38,-2.08,146.55,141.26,152.82,-19.44,-21.36,-18.52,4.66,4.42,3.6,438.2,430.8,439.1,208306,142710,210083
1,6.48,6.38,6.5,-5.71,-5.98,-5.6,2.1,1.52,2.53,-1.92,-2.21,-1.26,160.43,155.73,165.72,-17.27,-19.93,-11.59,4.45,4.32,4.25,443.2,423.9,445.8,188661,128746,281317
1,6.47,6.47,6.53,-6.2,-6.22,-6.09,0.77,-0.41,1.68,-1.37,-1.71,-1.06,173.75,164.56,183.75,-12.34,-15.37,-9.5,4.43,4.4,5.26,431.7,417,438.5,150369,70544,296524
1,6.43,6.43,6.59,-6.02,-6.02,-5.72,2.28,1.2,2.43,-1.36,-1.56,-1.29,161.67,157,168.77,-12.53,-14.11,-11.34,4.26,4.21,5.26,439.3,437.3,439.4,303089,291700,319037
1,6.59,6.47,6.6,-5.59,-5.92,-4.75,2.3,1.95,3.23,1.53,-0.33,3.51,155.5,150,158.78,13.5,-2.95,34.38,4.55,4.4,4.95,446.7,439.1,447,251119,249562,292496
1,6.41,6.39,6.42,-5.15,-5.49,-4.54,2.33,2.26,2.88,2.65,2.22,2.67,153.65,147.64,157.61,25.11,20.53,26.38,4.51,4.5,5.36,443.5,438.6,443.9,280054,233063,293329
1,6.48,6.37,6.75,-5.82,-5.94,-5.56,2.35,0.05,2.85,1.05,0.81,3.43,163.54,152.89,179.49,9.32,7.43,30.51,4.08,3.79,5.01,444.1,442.7,448.7,276744,259030,280879
1,6.79,6.77,6.91,-5.68,-6,-5.59,-0.2,-0.48,-0.13,3.67,3.41,3.77,182.75,181.34,184.96,32.88,29.6,33.87,3.79,3.59,4.15,454.4,452.2,455.3,258899,256602,266510
1,6.73,6.71,6.76,-5.88,-6.1,-5.85,0.61,-0.29,0.68,3.15,2.77,3.3,176.72,173.37,182.76,28.08,24.41,29.24,3.82,3.78,3.78,457.7,449.6,461.3,179208,111690,253953
1,6.81,6.75,6.84,-5.94,-6.14,-5.92,0.47,0.04,0.79,3.17,2.78,3.37,175.9,172.63,179.65,28.1,24.17,29.55,4.17,3.55,4.83,447.3,446.3,453.3,281002,193812,293110
1,6.85,6.83,6.86,-6.11,-6.3,-6.09,0.64,0.57,1.02,2.84,2.66,3.06,173.13,170.53,174.85,24.65,22.77,26.51,4.14,3.9,4.66,448.5,446.2,453.2,292312,266039,305609
1,6.78,6.77,6.79,-6.52,-6.55,-6.45,0.64,0.6,0.89,1.69,1.65,1.94,173.77,172.13,174.8,14.45,14.07,16.58,4.14,4.02,5.51,441.1,439.6,445.1,297696,283770,311447
1,6.83,6.82,6.85,-6.37,-6.67,-6.31,0.31,0.16,0.67,2.38,1.24,2.65,176.68,174.27,178.53,20.44,10.5,22.82,4.27,4.24,5.23,442.5,439.6,445.3,277283,271264,281852
1,6.87,6.86,6.88,-6.06,-6.26,-6.05,0.07,-0.02,0.18,3.21,2.81,3.21,179.28,178.26,180.19,27.88,24.17,27.93,4.37,4.35,5.22,440.8,439.8,442.6,253503,242603,260860
1,6.78,6.74,6.85,-6.23,-6.38,-6.11,-1.15,-2.08,0.17,1.45,0.42,3.07,188.96,178.4,198.05,12.91,3.55,26.67,4.07,3.59,4.65,441.7,441.7,443,259459,256586,266387
1,6.61,6.59,6.66,-5.44,-6.02,-5.13,-2.64,-2.65,-2.18,2.61,1.14,3.14,204.38,199.93,207.33,23.37,10.14,28.52,4.58,4.27,4.92,446.1,442.9,446.5,287919,274842,294681
1,6.55,6.48,6.63,-5.48,-5.64,-5.2,-2.44,-2.88,-2.41,2.24,2.19,2.9,205.36,203.08,209.02,20.46,19.67,26.02,4.55,4.42,5.16,440.4,439.3,441.2,260472,248622,283494
1,6.56,6.48,6.74,-6.15,-6.15,-5.94,-1.11,-1.58,-0.11,2.11,1.7,2.64,188.71,181.05,194.87,18.94,15.21,23.26,4.23,4.12,6.08,437.9,435,438.9,244349,200117,248769
1,6.7,6.67,6.71,-5.86,-5.88,-5.62,-1.65,-1.71,-0.92,2.68,2.68,3.46,193.75,189.32,196.25,23.74,23.67,31.27,4.36,4.05,5.2,439.4,438.6,442,296358,295819,304794
1,6.75,6.74,6.75,-5.75,-5.92,-5.37,-1.87,-2.6,-0.09,2.99,2.95,3.13,194.94,180.92,205.82,26.68,26,27.81,4.13,3.85,5.9,437,429.5,440.5,269171,209324,287499
1,6.79,6.79,6.85,-6.37,-6.44,-6.25,-1.13,-1.36,-0.39,2.05,1.91,2.36,188.57,183.44,192.25,17.64,16.44,20.23,3.79,3.77,6.05,430.7,429.3,432.5,218945,200461,272253
1,6.89,6.79,6.89,-5.98,-6.08,-5.9,-1.49,-1.59,-1.3,3.04,2.71,3.15,193.7,192.04,195.1,26.22,23.54,27.26,3.81,3.79,6.02,431.4,429.7,431.9,232918,182239,249786
1,6.86,6.82,6.87,-6.46,-6.5,-6.2,-1.35,-1.42,-0.83,2.08,1.42,2.59,190.64,187.33,192.3,17.66,12.06,22.22,3.67,3.64,6.02,433.1,425,434.8,253707,157121,292966
1,6.79,6.78,6.83,-6.06,-6.26,-5.95,-2.08,-2.65,-1.8,1.85,1.61,2.43,199.63,196.06,203.6,15.81,13.64,21.1,3.76,3.68,6.02,435.3,432.9,436.5,238431,230489,246315
1,6.8,6.67,6.82,-5.82,-5.86,-5.58,-2.16,-2.96,-1.81,2.29,1.64,3,201.7,197.92,206.81,20.27,14.02,27.07,3.79,3.38,5.58,435.3,427.2,438,270499,177392,292395
1,6.7,6.67,6.71,-5.02,-5.44,-4.77,-2.39,-2.7,-1.87,3.42,3.39,4,204.64,199,208.26,30.98,30.51,36.83,4.39,4.07,5.48,436.1,419.5,437.8,240048,91282,300080
1,6.72,6.67,6.73,-5.73,-5.81,-5.12,-1.41,-2.39,-1.12,3.29,2.97,3.47,196.58,191.1,205,29.44,26.37,31.55,4.17,4,5.79,436.3,435.3,437.5,298367,237761,298567
1,6.66,6.65,6.69,-5.87,-6.09,-5.46,-2.1,-2.58,-1.35,1.77,0.54,3.52,198.82,193.86,202.95,15.81,4.69,32.04,4.14,3.92,6.13,435.5,433.7,437.1,262735,235348,265386
1,6.8,6.78,6.83,-6.25,-6.32,-6.05,-1.87,-2.29,-1.56,1.71,1.58,1.87,197.08,193.83,200.75,14.68,13.74,16.06,3.85,3.79,5.75,435,434.1,436,293976,251728,316375
1,6.87,6.82,6.87,-6.26,-6.27,-5.88,-2.19,-2.92,-1.98,1.81,1.68,2.02,201.05,197.56,206.38,15.45,14.17,17.09,4.02,3.87,5.67,435.4,435.1,436.6,313058,304791,318226
1,6.89,6.85,6.91,-6.16,-6.26,-5.94,-2.02,-2.16,-1.65,2.54,2.02,2.62,197.63,195.01,200,21.75,17.1,22.56,4.05,3.91,6,432.8,432.8,434.7,224263,206163,294188
1,6.87,6.8,6.9,-6.23,-6.32,-6.12,-1.42,-1.5,-0.97,2.42,2.36,2.71,191.79,188.9,193.78,21.03,20.02,23.24,4.02,3.87,5.84,434.3,427.7,436,316060,229708,318766
1,6.95,6.9,6.96,-6.41,-6.51,-6.14,-1.54,-1.57,-1.03,2.2,2.16,2.66,192.31,189.03,194.38,18.48,18.18,22.77,4,3.9,5.74,434.6,433.9,435,314192,313849,316761
1,6.93,6.79,6.94,-6.42,-6.45,-5.89,-1.66,-2.17,-1.58,2,1.87,2.26,196.14,193.82,200.17,16.81,15.69,19.76,3.85,3.75,5.67,434.6,434.5,435.3,318630,318008,323712
1,6.77,6.68,6.83,-6.19,-6.19,-5.25,-2.09,-2.57,-1.91,2.03,1.65,3.02,200.61,197.17,206.03,17.37,14.13,27.3,3.93,3.89,5.52,435.2,434.8,435.3,322144,321191,330028
1,6.87,6.87,6.93,-6.3,-6.41,-6.18,-2.25,-2.42,-2.04,1.66,0.28,1.92,199.53,198.26,200.73,13.95,2.33,16.4,3.76,3.65,3.71,421,420.2,421.3,179496,175504,216156
1,6.81,6.81,6.88,-6.27,-6.41,-6.15,-1.87,-2.47,-1.51,1.63,-0.2,2.34,197.19,193.8,201.52,13.7,-1.74,20.25,3.84,3.68,4.09,422.8,419.2,425.9,124122,97743,243509
1,6.7,6.62,6.77,-6.24,-6.34,-5.5,-2.61,-3.72,-1.55,0.21,0.05,0.62,203.49,193.7,214.1,1.84,0.43,5.36,3.77,2.99,2.48,423.4,420.1,424.9,81590,67448,122833
1,6.66,6.61,6.71,-6.56,-6.6,-6.5,-0.83,-1.12,-0.81,-0.33,-0.46,0.07,187.97,186.96,189.67,-2.87,-3.94,0.58,2.55,2.25,3.54,424,422.1,426,125817,99570,192469
1,6.67,6.65,6.67,-6.56,-6.6,-6.5,0.3,-0.37,1.2,-0.78,-0.85,-0.64,176.71,169.55,183.2,-6.76,-7.36,-5.55,2.59,2.52,5.32,423.2,420.7,432.7,121909,88335,256215
1,6.63,6.6,6.65,-6.43,-6.54,-6.14,1.5,0.69,2.06,-0.57,-0.81,-0.51,167.45,161.48,174.01,-4.98,-7.02,-4.48,3.3,2.7,5.6,436.5,426,437.3,303186,179961,307866
1,6.67,6.63,6.69,-6.09,-6.28,-5.96,1.38,1.34,2.47,-1.52,-1.99,-0.18,164.29,157.96,167.62,-13.31,-18.01,-1.53,4.33,4.13,3.2,418.5,417.4,423.6,110056,102631,184090
1,6.75,6.73,6.8,-5.42,-5.5,-5.04,3.12,2.84,3.7,-2.43,-2.62,-2.32,148.84,143.73,152.34,-21.63,-22.76,-20.1,4.69,4.21,5.1,432.5,421.3,433.5,254293,100948,256967
1,6.8,6.8,6.84,2.36,2.17,2.54,5.91,5.82,6.05,-2.28,-2.31,-2.26,68.33,66.44,70.28,-19.72,-19.81,-19.53,7.1,7.03,5.64,436.5,435.9,436.5,305561,295512,309431
1,6.79,6.77,6.84,3.19,2.57,3.55,5.78,5.68,6.04,-1.49,-1.85,-0.66,62.01,57.98,66.97,-12.74,-15.77,-5.65,8.09,7.21,5.67,436.4,435.9,437.2,299582,289911,301800
1,6.89,6.88,7.01,3.15,1.91,3.18,5.78,5.65,5.82,-2.31,-3.06,-2.3,64.61,60.61,71.86,-19.59,-26.51,-19.24,8.21,7.18,5.71,437.4,435.3,442.9,290407,172752,304377
1,6.92,6.91,6.95,0.75,0.36,0.97,6.54,6.4,6.6,-2.04,-2.4,-1.99,83.92,81.42,86.88,-17.18,-20.36,-16.83,6.68,6.66,5.81,436.8,435.4,436.9,289821,289214,298520
1,6.9,6.87,6.94,0.45,-0.43,1.02,6.55,6.11,6.64,-1.71,-3.06,-1.62,86.77,80.52,93.74,-14.62,-26.32,-13.69,6.76,6.65,5.85,437.1,435.7,440.9,276948,203060,300572
1,6.98,6.87,7.01,-0.31,-0.41,0.63,6.63,6.14,6.71,-2.12,-2.97,-1.7,90.38,84.62,93.81,-17.67,-25.78,-14.19,6.52,6.48,5.58,436.4,436,436.8,311696,308835,311759
1,6.82,6.8,6.92,-0.14,-0.58,1.09,5.29,4.83,6.13,-2.89,-4.33,-2.67,88.28,77.32,96.21,-28.37,-39.13,-25.24,6.61,6.35,5.62,436,423.2,436.4,314962,70378,315051
1,6.8,6.8,6.84,3.27,-0.1,4.99,5.16,4.56,6.02,-1.64,-3.08,-0.87,63.5,42.42,90.98,-15.02,-27.12,-7.32,8.55,6.51,1.81,425.1,423.5,434.8,40635,21978,72072
1,6.73,6.71,6.78,-0.62,-1.23,-0.28,5.66,5.21,6.22,-3,-3.88,-2.11,96.84,93.12,101.16,-27.8,-36.68,-18.4,6.3,6.2,2.21,422.6,419.2,422.8,77182,74740,91720
1,6.54,6.52,6.56,-0.67,-0.74,-0.3,5.98,4.37,6.14,-2.13,-4.69,-1.98,96.22,92.84,98.76,-19.13,-46.69,-18.22,6.47,6.39,5.72,433.8,422.1,434,226011,107783,237230
1,6.61,6.54,6.7,-0.58,-0.87,-0.01,6.43,5.66,6.47,-1.18,-2.86,-0.81,94.66,90.06,98.76,-10.3,-26.55,-7.13,6.42,6.25,5.88,436.8,435.8,440.2,285745,262046,297126
1,6.5,6.48,6.54,-1.66,-2.52,-0.35,5.86,5.3,6.21,-2.13,-2.82,-1.81,104.85,93.23,115.46,-19.31,-25.63,-16.22,5.99,5.48,2.94,428.6,425.4,430.5,39580,21721,80773
1,6.94,6.78,6.97,-1.99,-2.33,-1.99,6.22,5.99,6.32,-2.12,-2.18,-2.03,108.82,107.47,111.24,-17.96,-18.72,-17.05,5.41,4.95,2.44,420.1,418.2,425.3,86206,58590,112984
1,6.65,6.65,6.69,-2.93,-2.93,-2.86,4.06,3.03,5.44,-4.33,-5.12,-0.85,125.81,118.35,133.29,-40.87,-50.87,-7.82,6.38,6.31,2.11,417.9,417.5,424.7,91478,77070,91590
1,6.85,6.72,6.88,-1.18,-2,-0.73,4.28,2.82,4.55,-5.23,-6.12,-4.47,108.65,99.63,113.68,-50.33,-63.48,-41.95,6.16,5.97,4.36,420.2,417.9,427.7,96821,88038,148601
1,6.93,6.84,6.96,-2.99,-3.18,-2.97,2.55,1.54,4.28,-5.64,-5.95,-4.36,139.45,124.76,154.11,-55.11,-59.29,-39.9,4.86,4.79,2.39,418.9,415.2,419.3,97303,88167,100855
1,6.93,6.88,6.96,-3.2,-3.31,-3.01,1.39,-0.6,1.42,-5.93,-5.98,-5.8,167.95,155.99,191.19,-59.45,-62.84,-58.26,4.92,4.88,4.17,420.6,418.8,429.6,98852,93408,197196
1,-99999,-99999,-99999,-99999,-99999,-99999,-99999,-99999,-99999,-99999,-99999,-99999,-99999,-99999,-99999,-99999,-99999,-99999,-99999,-99999,6.8,432.1,427.6,437.1,205704,146084,271878
1,6.85,6.84,6.88,-3.22,-5.27,-3.16,0.2,-0.01,2.33,-5.94,-6.01,-3.56,170.94,156.15,180.1,-61.77,-62.01,-31.7,4.95,4,6.64,432.1,430.6,432.3,194476,166945,202307
1,6.86,6.73,6.9,-4.34,-5.37,-3.8,1.03,0.96,2.11,-5.17,-5.39,-3.53,163.67,158.6,167.53,-49.28,-53.84,-31.46,4.22,3.68,4.77,444.7,438,448.1,199521,183500,335251
1,6.84,6.79,6.84,-3.54,-3.65,-3.31,-0.5,-0.64,0.23,-5.78,-5.9,-5.75,185.06,176.35,190.98,-58.45,-60.23,-57.37,5.39,4.99,6.45,432.1,424.6,432.7,189086,115429,195637
1,6.86,6.83,6.87,-2.49,-2.81,-0.89,1.14,-0.43,1.37,-6.21,-6.69,-6.16,155.72,128.06,188.68,-65.41,-77.82,-65.26,5.32,5.16,6.31,431.1,430.1,432.6,118592,111052,182852
1,6.88,6.83,6.9,-3.11,-3.63,-2.17,1.59,0.98,3.8,-5.74,-5.75,-5.18,146.02,119.74,164.9,-56.77,-58.75,-49.8,5.2,5.05,5.76,437.8,431.1,444.4,191221,159374,220800
1,6.85,6.83,6.95,-3.03,-3.41,-2.75,4.32,3.97,4.42,-4.23,-4.81,-3.63,125.8,124.69,127.63,-38.72,-44.87,-33,4.86,4.84,6.5,435.3,429.8,446.3,184049,141279,193885
1,7.05,7.01,7.11,-3.24,-4.4,-3.13,4.6,4.49,4.88,-3.91,-4.29,-2.67,127.34,124.2,132.05,-35.12,-37.74,-22.14,4.69,4.18,5.55,445.3,444,447.3,204506,176738,206132
1,7.04,7.04,7.1,-3.45,-3.45,-3.23,4.76,4.76,4.76,-4.16,-4.16,-3.83,125.05,124.15,125.96,-35.9,-35.9,-33.11,4.6,4.6,5.9,449.6,446.1,465.8,173625,152733,196755
1,7.12,7.07,7.15,-3.48,-3.48,-2.27,4.66,4.52,5.45,-4.09,-4.29,-3.79,122.33,112.59,127.59,-35.12,-36.96,-32.72,4.59,4.49,5.36,438.5,430.9,445.8,146672,112448,187989
1,6.97,6.89,7.14,0.01,-2.47,1.28,-0.39,-4.34,5.2,-4.18,-5.23,-4.13,262.98,115.4,286.39,-49.14,-84.66,-35.63,6.84,5.98,4.62,429,428.4,429,132228,120655,155987
1,6.98,6.78,7.04,1.15,0.89,1.69,-3.6,-3.89,-2.97,-5.83,-5.94,-5.52,289.31,286.61,293.56,-57.07,-62.47,-52.46,6.8,6.7,4.36,430.1,428.3,431,106073,105690,114988
1,6.71,6.63,6.85,3.57,-0.42,5.07,-2.55,-3.15,-1.79,-5.18,-5.35,-3.15,311.25,262.46,333.42,-52.33,-59.31,-29.05,8.35,8.05,4.52,429.9,429.4,440.4,107359,97189,110382
1,6.79,6.61,6.84,3.34,-4.34,5.48,0.29,-1.37,0.67,-4.15,-4.94,-4.02,357.01,3.01,197.54,-47.39,-50.59,-36.22,7.5,4.71,5.45,436.2,430.2,443.7,143086,99958,220784
1,6.84,6.84,6.91,4.51,4.22,4.78,0.73,0.67,0.74,-5.07,-5.3,-4.93,9.02,8.48,9.88,-48,-51.05,-45.57,9.18,9.11,5.39,444,444,444.3,203765,198324,219969
1,7.08,7.01,7.16,4.93,4.62,5.5,-0.69,-0.89,-0.39,-5.01,-5.2,-4.53,352.37,349.15,355.92,-45.2,-47.84,-39.36,9.73,9.46,5.29,434.8,423.9,445.2,170747,114974,204742
1,6.88,6.86,7,-0.18,-0.81,3.9,1.17,-0.75,2.1,-6.36,-6.48,-5.69,78.63,94.85,349.1,-71.66,-77.59,-55.09,7.36,6.73,4.36,429.5,428.7,432.1,132489,130865,138537
1,6.93,6.82,7.02,-2.87,-2.88,1.17,5.03,-0.24,5.62,-3.65,-6.25,-2.69,88.94,117.03,348.51,-32.18,-79.14,-23.11,5.3,5.07,5.61,437.5,436.8,447.1,180048,100636,190053
1,7.15,7.07,7.19,-3.2,-3.22,-2.98,5.97,5.5,6.25,-2.23,-3,-1.47,117.98,117.16,118.45,-18.22,-25.64,-11.86,4.71,4.63,5.7,444.2,438.7,445.2,192951,173410,199217
1,7.09,7.05,7.32,-2.71,-3.54,-2.42,6.18,6.08,6.35,-1.93,-2.12,1.67,114.89,110.86,119.78,-15.84,-17.67,13.22,5.05,4.73,6.14,441.7,423.6,456.2,136055,106542,186749
1,7.23,7.18,7.35,-4.64,-5.53,-3.68,5.4,4.62,6.27,0.89,-0.09,1.08,130.39,120.39,140.14,7.11,-0.68,8.45,4.65,3.14,4.78,441.2,429.8,441.3,130339,127410,137939
1,7.31,7.31,7.32,-3.75,-4.2,-3.26,6.2,5.82,6.49,0.9,0.76,1.35,121.22,116.63,125.87,7.09,6,10.65,4.8,4.8,5.08,438.8,437.4,440.1,127585,122815,152566
1,7.3,7.27,7.3,-3.55,-3.69,-2.61,6.3,6.14,6.78,0.67,0.65,1.18,117.14,111.02,120.97,5.27,5.09,9.32,4.56,4.54,5.36,432,430.1,443,128595,125887,129651
1,7.27,7.24,7.28,-2.63,-2.83,-2.54,6.78,6.66,6.81,-0.16,-0.22,-0.1,111.57,110.44,113.06,-1.26,-1.72,-0.79,5.54,5.41,6.19,440.3,432.1,460.9,188173,126491,233926
1,7.26,7.2,7.28,-3.02,-3.07,-2.61,6.57,6.5,6.57,0.27,-0.03,1.71,113.86,111.67,115.25,2.17,-0.21,13.57,5.93,5.75,5.04,433.9,433.8,441.9,131589,114799,132371
1,7.22,7.16,7.25,-2.71,-2.91,-2.45,6.51,6.36,6.52,1.69,1.13,1.89,112.59,110.6,114.58,13.67,9.06,15.15,5.49,5.12,4.68,428,427.6,430.1,131863,124548,142878
1,7.03,7.02,7.06,-1.7,-2.01,-1.68,6.81,6.7,6.82,-0.25,-0.35,-0.08,104.85,103.9,106.67,-2.07,-2.89,-0.64,5.77,5.41,5.5,432.1,428.1,447.8,147235,138432,148439
1,7.09,7.08,7.1,-2.43,-2.51,-2.29,6.62,6.56,6.64,0.57,0.19,0.92,110.04,109.08,110.93,4.66,1.56,7.47,5.44,5.2,6.28,462.5,456.4,464,160111,152274,181137
1,7.11,7.11,7.14,-1.19,-1.82,-1.13,6.41,6.17,6.62,2.78,1.77,3.21,102.1,100.01,105.4,23.14,14.42,27.05,5.76,5.64,6.55,463.1,460.2,463.8,160274,158354,166529
1,7.08,7.03,7.09,-2.73,-2.95,-1.91,6.41,6.4,6.66,-0.02,-0.28,1.3,111.29,106.03,114.78,-0.17,-2.3,10.6,5.38,5,6.61,461.6,461.3,461.9,188505,161512,199388
1,6.95,6.93,7.03,-3.53,-4.41,-3.42,5.69,4.56,5.97,-0.99,-2.71,-0.91,125.22,119.78,134.04,-8.22,-23.12,-7.78,4.54,4.36,6.23,432.3,430.2,457.2,167570,129795,193594
1,6.99,6.95,7.06,-4.73,-5.14,-4.54,4.52,4.18,4.62,-2.23,-3.16,-1.4,137.25,136.32,138.06,-18.8,-27.14,-11.46,4.42,3.25,6.96,452.9,441,461.8,161500,146237,219763
1,7.03,7,7.05,-3.76,-4.48,-3.01,5.92,5.4,6.26,0.2,-0.47,0.67,122.57,115.67,129.67,1.65,-3.86,5.48,4.48,4.33,6.3,444.6,443.2,447.1,185255,171226,204146
1,6.99,6.96,7,-1.21,-2.31,-0.52,6.83,6.51,6.96,0.43,0.02,0.75,101.27,94.25,109.57,3.57,0.16,6.19,6.15,5.98,5.71,440.3,433.5,442.1,155211,110060,184381
1,7.01,6.98,7.03,-1.67,-1.89,0.04,6.65,6.61,7,-0.82,-1.11,0.01,99.93,89.7,105.95,-6.79,-9.2,0.06,5.86,5.22,5.84,446.1,442.1,449,170148,118960,208152
1,6.67,6.67,6.7,-2.64,-4.17,-2.56,6.06,5.07,6.15,-0.27,-0.4,-0.03,118.52,112.91,129.46,-2.31,-3.49,-0.29,4.82,3.8,6.03,444.8,443,445.3,193265,183246,196517
1,6.5,6.42,6.62,-3.2,-4.87,-3.19,5.46,2.72,5.59,0.87,0.36,2.99,130.16,119.75,150.77,7.87,3.17,28.2,4.63,3.21,6.22,440.7,440,445.5,183831,122558,242086
1,6.42,6.4,6.49,-3.63,-3.7,-3.35,5.11,4.85,5.26,0.84,-0.43,1.28,125.08,124.64,125.93,7.62,-3.9,12.22,4.56,4.5,4.85,429.1,428.4,441.9,134433,122574,134985
1,6.35,5.93,6.52,-3.22,-3.63,-2.72,5.36,4.47,5.37,1.19,0.04,1.82,122.23,116.86,125.73,12.23,0.37,16.82,4.51,3.65,4.98,439.8,432.4,441.7,121436,121010,122655
1,5.43,5.17,5.92,-1.52,-2.04,-0.63,5.35,4.88,5.48,0.25,-0.45,0.65,104.83,96.75,110.44,2.68,-5.07,6.37,6.37,5.84,5.7,439.9,437.4,457.2,114207,103664,203689
1,5.12,3.93,5.23,-2.29,-3.91,-2.02,3.34,2.99,4.5,0.28,0.03,0.33,126.81,116.93,139.52,3.07,0.31,5.16,6.06,4.84,5.64,444.2,441.1,455.1,144590,129097,212453
1,4.91,3.93,4.92,-0.14,-1.6,0.65,-2.88,-4.38,-0.67,-0.18,-1.5,3.4,263.54,249.97,282.8,-2.26,-26.91,78.7,6.66,5.96,6.01,444.7,444.5,448.6,142346,141323,182357
1,5.03,4.77,5.21,-0.44,-2.57,-0.24,-4.66,-5.04,-4.13,0.09,-0.03,0.42,256.73,238.07,267.24,1,-0.33,5.07,6.49,5.22,6.08,446.8,443.1,451.9,182286,148615,199606
1,5.15,5.12,5.64,-1.25,-1.83,-0.83,-5.04,-5.22,-4.97,0.14,-0.17,0.43,255.76,250.73,260.68,1.42,-1.95,4.82,5.85,5.1,5.25,439.8,439.4,441.8,110895,103190,130858
1,6.08,5.71,6.29,-1.31,-1.35,-1.28,-5.77,-5.95,-5.44,-1.09,-1.4,0.77,257.03,256.42,257.45,-10.14,-13.35,7.78,5.88,5.69,6.31,444.1,442.1,445.3,171907,127141,206034
1,7.09,6.8,7.12,-1.24,-1.51,-1.21,-6.89,-6.94,-6.51,-1.09,-1.2,-0.96,258.93,256.92,260.03,-8.88,-10.17,-7.77,5.34,5.28,5.85,442.8,439.5,447.5,130062,119478,216182
1,7.15,7.15,7.17,-0.75,-0.91,-0.73,-6.92,-6.93,-6.92,-1.58,-1.61,-1.42,263.45,262.48,264.01,-12.79,-12.99,-11.54,5.56,5.54,4.85,438.3,437.7,439.8,130449,115968,132554
1,7.42,7.19,7.43,-0.74,-1.01,-0.72,-7.23,-7.25,-6.99,-1.32,-1.4,-1.31,263.46,262.07,264.19,-10.25,-11.26,-10.16,5.68,5.64,5.36,432.7,430.6,442.9,129745,125967,155035
1,7.48,7.4,7.53,-0.91,-1.42,-0.76,-7.29,-7.3,-7.08,-1.52,-1.58,-1.37,261.85,258.63,264.05,-11.89,-12.1,-10.59,5.5,5.49,4.61,428.3,427.5,439.2,121011,118517,129890
1,7.35,7.25,7.43,-1.46,-1.47,-1.46,-6.95,-6.97,-6.87,-1.86,-2.07,-1.78,258.09,258.03,258.17,-14.64,-16.2,-14.25,5.9,5.56,4.77,441.5,430,441.6,117544,114343,122489
1,-99999,-99999,-99999,-99999,-99999,-99999,-99999,-99999,-99999,-99999,-99999,-99999,-99999,-99999,-99999,-99999,-99999,-99999,-99999,-99999,4.72,438.1,430,439.9,115987,113938,117952
1,7.64,7.61,7.7,-1.28,-1.33,-1.2,-6.88,-6.99,-6.82,-2.99,-3.13,-2.9,259.58,258.97,260.26,-23.11,-24.25,-22.22,6.2,5.77,5.18,439.8,439.7,444.2,102961,101096,134190
1,7.68,7.67,7.78,-1.36,-1.67,-1.15,-7.14,-7.31,-7.12,-2.39,-2.59,-1.91,259.05,257.11,260.81,-18.18,-19.77,-14.27,6.4,5.95,5.59,443.9,439.7,449.5,115057,111275,222477
1,8.02,7.89,8.06,-1.92,-1.94,-1.71,-6,-6.12,-5.85,-4.81,-5.17,-4.77,252.76,251.67,254.06,-37.62,-40,-36.67,5.29,5.2,5.6,445.7,445.3,450,217038,216106,228503
1,7.78,7.78,7.78,-0.19,-0.19,-0.19,-5.06,-5.06,-5.06,-5.9,-5.9,-5.9,267.85,267.85,267.85,-49.38,-49.38,-49.38,6.37,6.37,5.88,461.8,457.6,463.8,198291,187805,200176
1,7.78,7.77,7.8,-0.99,-1.42,-0.36,-4.2,-5.05,-3.38,-6.43,-6.86,-5.89,256.61,247.21,265.88,-56.15,-61.85,-49.31,6.23,6.03,5.87,445.9,445,461,217581,217496,225950
1,7.57,7.55,7.61,-1.03,-1.1,-0.74,-1.89,-3.27,-0.7,-7.24,-7.48,-6.77,238.88,223.73,251.38,-73.43,-82.26,-62.96,6.05,5.93,5.94,458.5,446.7,460.4,215872,197927,218407
1,7.32,7.29,7.38,-0.66,-0.67,-0.27,-2.32,-2.76,-1.61,-6.92,-7.15,-6.74,255.28,247.46,264.37,-70.8,-76.29,-67.65,6.37,6.14,5.69,447.6,444.8,459.8,215974,210216,221349
1,7.41,7.29,7.44,0.19,-0.29,0.46,-1.15,-1.48,-0.86,-7.29,-7.36,-7.12,278.84,258.75,298.21,-80.87,-82.4,-78.05,6.34,6.33,5.66,460.3,442.4,462,211406,208308,229673
1,7.45,7.43,7.46,-0.47,-0.77,0.05,-1.88,-1.93,-1.63,-7.19,-7.25,-7.13,257.76,247.71,271.6,-75,-76.81,-74.06,5.97,5.83,5.99,451.2,438.3,458.6,157532,107744,206965
1,7.35,7.29,7.37,-0.67,-0.7,-0.33,-1.76,-1.98,-1.49,-7.11,-7.18,-6.97,251.87,245.72,259.36,-75.91,-77.16,-73.23,5.74,5.68,5.44,440.7,440,443.5,116672,108922,127212
1,7.01,6.99,7.15,-0.61,-0.68,0.13,-1.42,-1.54,-0.93,-6.85,-6.95,-6.74,256.78,246.3,277.7,-77.1,-82.18,-76.36,5.97,5.76,5.77,451.9,440.7,456.5,166278,131279,183898
1,7.17,6.95,7.17,-0.82,-0.92,2.88,-2.74,-3.49,1.66,-6.1,-6.55,-5.5,282.77,30.05,255.24,-59.42,-66.41,-58.86,5.95,5.81,5.77,438.2,434.9,442.6,118389,98901,137979
1,6.97,6.96,6.99,0.13,-0.6,0.85,-2.99,-4.39,-1.75,-6.26,-6.69,-5.32,276.83,262.21,295.92,-64.47,-73.79,-50.2,6.68,6.08,5.68,440.7,435,446.7,132983,121330,146966
1,6.96,6.92,7.02,-1.75,-1.86,-0.37,-4.56,-5.36,-3.94,-4.75,-5.75,-3.9,254.76,247.77,264.59,-43.95,-55.49,-34.64,5.63,5.58,4.89,438,437.5,438.2,117210,105146,118580
1,7.06,7.03,7.17,-1.65,-1.83,0.13,-3.82,-4.74,-3.52,-5.66,-5.95,-5.18,253.49,242.51,271.6,-53.67,-56.26,-47.54,5.51,5.3,4.93,435.2,430,439.2,120120,116755,132253
1,7.16,7.12,7.18,-1.64,-2.29,-1.45,-4.24,-4.76,-2.72,-5.52,-6.2,-5.07,244.03,229.88,251.11,-50.93,-60.16,-45.19,5.22,5.06,4.82,426.3,424.8,438.7,134400,109384,137762
1,7.06,7.04,7.14,-1.67,-2.22,-1.26,-3.73,-4.34,-3.62,-5.69,-5.81,-5.27,246.3,238.55,251.32,-53.29,-55.88,-48.57,5.21,5.1,4.86,430.5,426,440.2,125415,115751,133019
1,7.06,7.01,7.09,-1.49,-1.6,-1.16,-4.1,-4.2,-3.16,-5.59,-6.05,-5.53,249.26,243.17,254.53,-52.09,-59.67,-51.75,5.41,5.37,5.84,440.9,430.1,452.5,125542,105909,186056
1,7.1,7.1,7.11,-1.21,-1.51,-0.85,-3.2,-3.68,-2.68,-6.26,-6.38,-5.93,249.17,240.61,255.06,-62.12,-64.23,-56.84,5.52,5.12,5.98,443.3,442.9,443.9,192445,101307,201363
1,7.03,7.02,7.1,-1.7,-2.3,-1.53,-3.14,-3.39,-2.81,-5.91,-6.27,-5.83,239.47,233.79,245.68,-57.81,-62.35,-56.28,5.25,4.94,5.93,444,443.7,454.8,155310,100462,201797
1,7.04,7,7.07,-1.49,-1.59,-0.35,-4.25,-4.56,-4.14,-5.3,-5.64,-5.08,255.46,249.41,265.11,-49.45,-53.6,-46.63,5.42,5.33,5.7,434.5,430.5,442,128411,113517,207953
1,7.01,6.99,7.06,-1.82,-2.03,-1.49,-3.88,-3.97,-3.7,-5.59,-5.66,-5.47,245.24,242.92,249.04,-53.34,-53.94,-50.79,5.3,5,5.34,437.8,430.5,443.5,111517,103255,159843
1,6.85,6.85,6.99,-3.78,-4.18,-2.87,-1.64,-2.06,0.64,-5.31,-5.43,-5.31,196.98,171.35,215.61,-52.16,-56.99,-51.49,4.87,3.79,4.78,427.3,426.9,428.1,127917,121206,140852
1,7.01,6.89,7.04,-2.79,-3.18,-1.82,-3.41,-3.49,-1.79,-5.73,-5.76,-5.42,227.53,209.31,242.44,-55.51,-57.61,-50.85,5.12,4.94,4.58,426.9,426.8,427.1,124480,121277,134194
1,7.11,7.07,7.11,-2.79,-3.07,-2.61,-2.86,-3.86,-2.71,-5.69,-5.94,-5.25,227.69,222.95,235.91,-53.64,-56.79,-48.45,4.91,4.87,4.76,426.3,425.6,431.5,117594,114704,120405
1,7.19,7.13,7.21,-3.79,-3.98,-3.43,-1.07,-2.65,0.07,-5.9,-5.99,-5.6,197.2,178.93,217.7,-55.11,-57.66,-52.26,6.6,6.23,5.72,444.7,439.8,450.9,145239,100623,168307
1,7.37,7.25,7.39,-4.68,-4.74,-4.06,-2.31,-2.61,-2.26,-5.18,-5.66,-5.02,208.09,205.47,209.69,-44.61,-50.44,-43.11,4.55,4.08,5.43,440.8,437.5,443.9,125618,104854,129114
1,7.37,7.36,7.39,-3.79,-4.61,-3.26,-1.81,-1.97,-1.69,-5.88,-6.38,-5.45,205.35,203.17,207.34,-54.45,-60.09,-47.39,4.72,4.32,5.6,442.3,436.6,443.5,141193,119767,160176
1,7.36,7.34,7.38,-6.1,-6.36,-4.35,0.45,-1.1,1.41,-3.9,-5.44,-3.44,179.14,167.52,194.18,-32.54,-50.49,-27.82,2.52,2.38,6.01,444.8,442.9,449.9,159940,121592,169797
1,7.42,7.3,7.44,-5.73,-6.22,-5.52,1.12,-0.03,1.25,-4.32,-4.93,-3.8,172.61,168.64,180.26,-36.52,-41.77,-30.91,2.89,2.38,6.09,442.6,442,449.6,184380,183809,208866
1,7.37,7.32,7.38,-6.24,-6.38,-5.87,2.82,2.71,2.87,-2.45,-2.96,-2.18,155.54,155.17,156.16,-19.68,-24.62,-17.34,3.45,3.43,6.11,448.8,448.2,462.5,197249,177565,198350
1,7.42,7.41,7.48,-7,-7.06,-6.6,0.87,-0.67,2.09,-2.33,-2.52,-1.9,173.63,162.46,185.48,-18.63,-19.73,-14.93,2.1,2.05,6.04,443,436.7,462.3,164924,117543,182089
1,7.56,7.49,7.58,-7,-7.14,-5.9,-0.73,-1.27,2.45,-2.59,-3.24,-2.36,177.96,157.43,190.28,-19.99,-26.86,-18.17,2.23,2.22,5.08,425.9,424.1,429.9,136382,122874,143702
1,7.5,7.48,7.59,-5.26,-5.44,-5.18,3.73,3.36,3.81,-3.83,-4.05,-3.8,145.53,143.69,148.27,-30.79,-32.34,-30.54,4.49,4.36,6.38,427.8,427.4,430,145036,134026,151184
1,7.6,7.57,7.67,-6.29,-6.3,-6.14,2.33,2.33,2.84,-3.56,-3.58,-3.46,158.18,155.18,159.7,-27.92,-27.95,-27.23,3.9,3.79,6.46,450.3,443.1,462.5,176879,168839,194796
1,7.53,7.51,7.55,-6.07,-6.19,-5.96,3.11,3.02,3.4,-3.07,-3.22,-2.99,152.41,150.29,154.04,-24.13,-25.27,-23.46,3.95,3.76,6.44,460.8,458.9,460.9,175079,172757,175746
1,7.53,7.5,7.53,-5.68,-5.87,-5.52,4.35,3.76,4.56,-2.3,-2.8,-2.22,143.45,140.46,147.35,-17.82,-21.88,-17.2,4.01,3.99,6.49,461.5,459.5,464,169225,152945,185777
1,7.5,7.39,7.52,-4.96,-5.87,-4.79,5.21,4.43,5.65,-0.17,-2.12,0.7,135.59,130.27,142.92,-1.35,-16.42,5.38,4.36,3.9,6,459.3,456.1,460.1,185825,183640,192598
1,7.41,7.37,7.47,-6.81,-6.95,-6.34,2.06,2.04,3.67,1.79,0.33,1.97,158.93,149.93,163.51,13.89,2.61,15.49,2.97,2.23,6.33,449.3,442.9,462.5,185994,163871,191310
1,7.14,7.11,7.26,-4.1,-4.3,-3.98,5.63,5.55,5.74,-1.33,-1.82,-0.81,126.18,125.29,127.72,-10.69,-14.78,-6.55,4.53,3.77,6.49,464.3,459.9,464.6,150876,147004,162228
1,7.14,7.09,7.18,-3.56,-4.15,-3.55,5.78,5.51,5.79,-1.94,-2.39,-1.49,123.39,121.55,126.97,-15.93,-19.36,-12.2,5.21,5.16,6.59,463.8,463.3,464.5,159435,149683,160943
1,7.1,7.08,7.11,-4.23,-4.3,-3.65,5.37,5.18,5.58,-1.87,-2.19,-1.83,127.04,123.2,129.71,-15.32,-18.04,-15.31,4.71,4.29,6.32,463.4,463.3,464.2,149122,148460,151523
1,7.07,7.06,7.17,-3.23,-3.9,-1.38,5.53,5.27,6.06,-2.01,-4.35,-1.93,116,104.73,125.15,-16.32,-38.6,-15.94,4.71,4.26,6.59,464.2,451.9,464.7,160555,150707,163065
1,7.29,7.13,7.41,-3.03,-5.47,0.43,3.66,3.52,3.88,-0.36,-5.89,3.06,120.12,83.31,144.62,-4.45,-57.95,24.5,5.98,3.59,6.45,463.9,463.4,464.3,144492,139487,147387
1,7.53,7.42,7.58,-5.34,-5.53,-4.87,4.2,3.19,4.63,2.83,2.74,4.53,142.87,139.11,146.76,22.18,21.16,37.87,3.53,3.49,6.35,464.7,463.8,465.4,156205,143768,156810
1,7.39,7.38,7.47,-4.13,-5.1,-4.04,5.69,4.45,5.78,2.23,1.92,3.06,129.94,125,138.88,17.6,15.23,24.27,4.67,4.1,6.3,462.4,462.3,463,164022,161079,168133
1,7.31,7.31,7.39,-4.31,-4.4,-3.65,5.49,5.45,5.69,2.04,-2.99,2.13,126.58,122.7,128.89,16.26,-23.84,16.97,4.62,4.43,6.34,462.2,462,462.8,161021,155564,170828
1,7.36,7.36,7.39,-3.65,-3.65,-2.9,5.69,5.69,5.85,-3.4,-3.4,-2.99,119.55,116.39,122.7,-27.49,-27.49,-23.84,5.37,5.37,6.18,456,442.7,459.9,168716,161606,171927
1,7.25,7.22,7.33,-1.92,-2.01,-1.91,4.68,4.12,5.97,-5.1,-5.56,-3.68,111.98,107.69,115.98,-45.26,-50.51,-30.39,6.45,6.18,6.34,460.9,458.6,463.1,166632,162755,167214
1,7.18,7.18,7.2,-2.02,-2.29,-1.69,3.86,3.49,4.36,-5.7,-6.01,-2.02,117.04,115.88,117.67,-52.58,-57.13,-22.26,5.91,5.29,6.14,461.1,444.4,464.4,163940,161090,170469
1,7.38,7.37,7.39,-3.95,-4.13,-3.51,5.33,5.18,5.54,3.18,2.53,3.87,125.79,124.11,126.68,25.61,20.14,31.72,4.51,4.43,5.94,444.1,429.7,445.8,124771,119112,170480
1,7.41,7.41,7.41,-4.02,-4.02,-4.02,6.13,6.13,6.13,1.13,1.13,1.13,123.28,123.28,123.28,8.78,8.78,8.78,-99999,-99999,4.85,437.6,435.4,439.3,115666,101706,116969
1,7.33,7.29,7.44,-2.54,-3.29,-2.08,5.49,4.64,6.43,4.29,0.57,5.09,115.36,114.15,117.14,35.3,4.51,45,4.89,4.74,6.24,442.1,440.7,442.4,168748,90452,190284
1,7.52,7.48,7.55,-2.35,-2.44,-2.05,6.4,6.39,6.43,3.09,2.99,3.33,109.58,107.77,110.74,24.21,23.73,26.4,4.72,4.71,6.25,442.2,441.2,442.4,193095,186474,200285
1,7.27,7.24,7.41,-0.86,-1.76,-0.22,7.17,6.33,7.21,-0.07,-0.78,3.26,98.03,91.76,105.53,-0.55,-6.2,26.37,6.21,5.25,6.28,444,439.7,454.6,173689,140132,196577
1,7.3,7.28,7.35,-1.67,-1.93,-1.06,6.88,6.79,7.2,0.84,-0.41,2.02,102.65,98.4,105.9,6.8,-3.26,15.97,5.88,5.41,6.1,442,436.1,445.3,138208,137576,175717
1,7.21,7.21,7.21,-0.62,-1.04,-0.5,6.98,6.84,7.14,1.3,0.73,1.63,95.88,94.01,98.48,10.44,5.81,13.33,6.21,6.07,6.38,447.2,441,461.3,142947,105960,163733
1,7.28,7.28,7.29,-1.96,-2.2,-0.01,6.2,5.93,7.1,2.97,0.77,3.64,102.65,90.06,109.52,24.34,6.17,30.22,5.37,5.06,7.47,457.7,448.9,463.3,145288,140287,169248
1,7.29,7.29,7.3,-2.61,-2.61,-2.33,5.74,5.74,5.95,3.28,3.28,3.81,112.9,112.09,113.71,26.75,26.75,31.57,4.86,4.86,6.6,442.7,442.2,461.7,169102,158212,173882
1,7.4,7.36,7.43,-2.83,-4.51,-2.75,5.92,4.29,6.1,3.36,3.03,4.13,122.04,114.22,136.45,27.06,24.35,33.58,4.57,4.06,6.38,439.5,439.1,444,185898,183608,197046
1,7.44,7.42,7.45,-3.41,-4.13,-2.89,6.47,4.58,6.68,1.39,1.36,3.57,121.05,113.36,132.06,10.78,10.55,30.04,4.95,4.28,7.18,454.7,441.6,465.7,175066,171515,186136
1,7.48,7.48,7.49,-2.98,-3.15,-2.3,6.57,6.56,6.7,1.93,0.47,2.01,112.95,109.3,115.2,15.01,3.64,16.16,4.63,4.62,6.05,456.9,443.9,457.7,182610,136793,192187
1,7.51,7.51,7.55,-5.38,-5.38,-3.16,4.95,4.95,6.75,-1.83,-1.83,0.82,126.26,115.11,137.41,-14.06,-14.06,6.3,4.01,4.01,6.14,439.6,436.9,441.5,155532,138947,156006
1,7.55,7.54,7.56,-5.33,-5.38,-3.43,5.04,4.95,6.66,-1.51,-1.83,-0.54,130.44,117.22,137.41,-11.65,-14.06,-4.14,4.01,3.25,5.25,437.3,436.1,440,101433,94841,112998
1,7.54,7.54,7.63,-5.07,-5.07,-3.2,5.52,5.52,6.73,0.22,0.22,1.51,124.01,115.45,132.56,1.7,1.7,11.49,4.29,4.29,4.98,437.1,436.6,437.3,107004,101815,107557
1,7.52,7.49,7.57,-4.55,-4.91,-4.4,5.86,5.61,6.05,0.96,0.93,1.03,128.34,126.04,131.17,7.38,7.1,7.84,3.83,3.56,4.92,438,437.2,439,102905,97061,104239
1,7.59,7.58,7.6,-5.16,-5.17,-4.66,5.42,4.6,5.89,-0.63,-3.02,1.12,133.42,128.38,138.29,-4.79,-23.58,8.51,3.38,3.31,5.02,437.3,436.6,439.2,102106,97119,107340
1,7.45,7.44,7.5,-5.24,-5.61,-4.41,2.71,1.83,4.05,2.19,-1.91,5.68,151.41,144.16,157.41,20.37,-15.42,49.94,3.78,3.28,4.98,439.3,425.3,439.5,112455,111779,126138
1,7.44,7.39,7.55,-5.31,-5.47,-4.11,-2,-3.92,-1.12,4.71,4.34,4.88,205.24,191.58,223.65,40.14,37.38,40.73,3.84,3.71,5.17,430.9,422.4,432,111997,98733,121727
1,7.44,7.41,7.45,-5.32,-5.43,-4.7,-2.21,-3.8,-1.67,4.63,4.23,4.67,206.19,197.07,218.96,38.82,34.97,39.41,3.79,3.7,6.49,460.1,446.9,461.1,147819,146620,149388
1,7.37,7.32,7.45,-5.55,-6.23,-4.84,0.21,-0.79,0.33,4.1,3.77,5.5,181.36,176.96,189.28,36.42,31.17,48.29,3.12,2.56,5.91,426.3,423,438.5,143130,133685,145444
1,7.28,7.28,7.38,-6.21,-6.44,-5.48,-2.52,-2.69,1.68,3.07,2.39,3.24,191.38,165.36,204.67,24.74,19.47,28.23,2.31,1.81,4.95,431.6,429.6,433.2,114101,114091,137057
1,7.48,7.39,7.54,-7.31,-7.39,-6.93,-1.21,-1.88,-0.79,1.26,0.8,1.68,190.24,186.21,195.19,9.7,6.12,13.13,0.88,0.84,4.88,436.8,434.1,437.8,107322,106411,107402
1,7.56,7.49,7.56,-7.49,-7.52,-7.38,-0.89,-0.94,-0.01,0.17,-0.36,0.26,184.73,180.1,187.29,1.29,-2.76,1.99,0.77,0.74,5.24,439.1,433.4,439.7,103004,93545,103711
1,7.52,7.45,7.53,-7.35,-7.48,-7.1,0.4,-1.33,0.53,0.2,-2.05,0.32,181.14,175.92,190.63,1.54,-15.82,2.44,0.82,0.78,5.13,439.5,438.5,440.1,97844,92750,99349
1,7.31,7.16,7.34,-6.35,-6.66,-2.77,-1.15,-1.78,3.99,-2.79,-2.98,3.22,171.37,124.78,195.63,-22.45,-24.28,33.59,1.49,1.17,5,435.7,433.5,435.8,97739,95303,102929
1,6.95,6.92,7.17,-0.86,-1.57,-0.72,4.83,4.46,4.91,4.97,4.72,5.06,102.6,98.45,109.39,45.99,43.43,46.42,6.55,6.4,5.1,435.8,425.6,436.7,102506,100833,106213
1,7.22,7.11,7.35,-1.67,-1.84,-1.46,4.68,4.07,4.93,5.34,4.75,5.72,109.93,109.6,110.46,47.04,42.07,52.93,6.16,6.12,4.91,436.6,434.8,437,108019,106484,113810
1,7.11,7.11,7.69,-1.84,-1.84,0.07,4.33,4.33,4.93,4.75,4.75,6.31,99.77,89.08,110.46,42.07,42.07,55.51,6.71,6.71,4.98,433.4,433,434.3,116253,110328,117423
1,7.6,7.31,7.64,0.02,-0.68,0.23,3.93,3.7,4.21,6.28,6.17,6.54,92.32,86.81,100.44,58.58,56.15,59,6.64,6.37,4.97,436.9,425.6,438.5,102670,90375,113740
1,7.41,7.31,7.42,-0.18,-1.71,-0.08,4.22,4.15,4.57,5.92,5.38,6.09,98.01,91.09,110.53,54.5,47.77,55.74,6.62,5.95,4.8,433,432.8,434,121626,112936,126371
1,7.74,7.53,7.75,-1.05,-2.42,0.09,5.05,4.63,5.78,4.98,4.53,5.81,102.26,88.96,117.53,40.94,40.31,48.98,6.19,6.16,4.85,432.8,430.7,433.7,110330,109573,128463
1,7.78,7.78,7.78,-1.45,-2.1,-1.35,6.24,5.69,6.87,3.99,2.6,5.09,104.62,101.93,108.58,31.25,20.32,41.06,5.97,5.41,4.86,427.3,426.4,433,119846,112184,121489
1,8.06,8.01,8.08,-3.54,-3.75,-3.23,4.14,4.04,5.81,5.88,4.42,5.91,127.48,119.07,132.82,46.86,33.61,47.31,4.67,4.46,4.78,431.7,426.7,432.7,126711,119919,128325
1,8.04,8.01,8.07,-3.24,-3.54,-3.11,3.94,3.3,4.06,6.22,6.15,6.43,131.28,127.47,136.97,50.55,50.32,53.07,4.66,4.59,4.74,431.4,425.5,433.3,124628,119988,133521
1,8.03,8.01,8.04,-2.41,-2.7,-2.12,3.8,3.71,4.43,6.54,6.31,6.58,121.34,115.6,125.42,54.55,52.09,56.11,5.14,4.93,4.9,425.8,425.3,431.4,131166,124091,131888
1,8.13,8.07,8.17,-2.25,-2.59,-2.2,2.19,1.54,3.37,7.52,7,7.55,136.05,123.15,149.28,67.39,60.1,68.13,5.34,5.2,4.59,431.1,428.6,431.5,131333,118516,131462
1,8.04,7.97,8.06,-0.66,-1.07,-0.49,5.85,5.73,6.1,5.27,5.11,5.56,97.11,94.92,99.94,41.88,39.52,44.02,6.26,6.16,4.53,422.8,422.2,426.4,120332,108150,128303
1,7.97,7.93,8.08,-1.55,-1.79,-0.66,5.18,2.97,7.01,5.68,3.55,7.2,107.68,95.37,121.06,46.4,26.73,64.29,5.9,5.72,4.56,431,428.9,432.8,123457,117484,128919
1,8.09,8.07,8.09,-2.67,-3.21,-2.24,4.98,4.26,5.41,5.72,5.06,6.45,118.87,117.74,120.65,45.35,38.82,53.3,5.2,4.93,4.53,422.5,415.5,431,94638,94385,132485
1,8,7.97,8.04,-3.19,-3.54,-1.89,5.37,5.29,5.5,4.62,4.46,5.06,117.74,109.34,122.76,39.03,34.29,39.32,5.04,4.99,4.61,423.7,420.6,424.4,119291,111819,123466
1,8.03,8.02,8.05,-5.27,-5.28,-4.38,4.87,4.16,5.63,3.57,3.53,4.26,135.64,127.88,141.78,26.44,26.29,32.33,4.18,4.11,7.02,419.8,416.5,423.1,147565,106192,295511
1,8.07,8.02,8.12,-3.04,-3.86,-2.85,3.99,3.44,4.28,5.83,5.65,6.18,129.68,125.52,131.99,51.59,44.42,51.79,5.22,4.32,7.19,418.2,414,423.8,203143,123851,308921
1,7.96,7.92,8.05,-2.05,-3.04,-1.43,4.75,4.68,4.87,5.98,5.47,6.03,114.22,106.4,122.96,49.14,44.46,49.9,5.4,4.81,7.22,419.8,417.5,422.8,307622,200609,324334
1,7.81,7.79,7.87,-1.13,-1.33,-0.88,4.82,4.36,5.3,5.79,5.66,6.34,102.97,101.44,105.41,49.15,46.26,54.94,5.71,5.68,7.32,419.2,419.1,424.5,257661,134014,316843
1,7.92,7.91,7.92,-0.84,-1.2,-0.29,6.38,5.4,6.74,4.52,3.86,5.67,97.17,92.61,100.1,35.27,29.43,46.07,6.09,5.82,6.88,419.4,418.7,421.9,287966,216229,304696
1,7.92,7.9,8.04,1.8,0.52,3.87,4.65,4,5.95,5.73,5.15,6.02,66.64,45.96,84.97,45.83,40.75,50.4,7,6.99,4.02,415.4,413,419.5,108167,108085,117392
1,7.95,7.94,8,2.97,1.7,3.72,5.77,5.02,5.88,4.89,4.55,4.94,63.4,53.5,73.93,38.06,35.03,38.92,8.43,7.6,5.3,414.9,410.5,419.6,145208,94700,162078
1,7.99,7.92,8.05,0.8,-0.39,1.05,6.45,6.3,6.48,4.65,4.4,4.77,85.62,80.51,93.43,36.05,34.01,36.4,6.77,6.33,5.61,420.1,418.2,425,139019,124896,231141
1,8,7.99,8.03,-0.7,-2.3,-0.51,5.77,5.69,6.56,4.86,4.53,5.37,101.03,94.44,111.71,38.04,34.52,43.14,6.07,5.11,5.13,412.9,412.3,417,126111,120922,185269
1,8.06,8.06,8.06,-3.98,-3.98,-3.91,3.02,3.02,3.3,6.16,6.16,6.3,141.31,140.31,142.32,50.01,50.01,51.92,4.56,4.56,5.54,412.6,412,419.5,113797,105118,214198
1,-99999,-99999,-99999,-99999,-99999,-99999,-99999,-99999,-99999,-99999,-99999,-99999,-99999,-99999,-99999,-99999,-99999,-99999,-99999,-99999,4.9,420.1,409.7,425.1,125374,100745,138849
1,8.1,8.01,8.12,-6.81,-7.09,-6.69,-2.49,-3.28,-1.43,3.81,1.99,3.95,199.06,191.89,204.86,28.09,14.3,29.57,1.33,1.33,4.37,419.5,411.3,431.6,108068,96655,133618
1,8.04,8.01,8.06,-6.72,-7.15,-6.72,-1.12,-2.7,-0.33,4.08,2.52,4.29,191.01,182.84,200.71,30.91,18.26,32.54,1.41,0.89,4.68,420.7,419.3,431.6,115127,104717,118392
1,8,8,8.02,-6.51,-6.51,-6.42,-0.08,-0.08,0.87,4.55,4.55,4.78,176.54,172.4,180.67,34.71,34.71,36.67,1.62,1.62,4.79,428.4,427.2,433.8,127449,102090,132387
1,7.98,7.97,7.99,-6,-6.38,-5.77,1.67,1.32,1.74,4.93,4.55,5.15,165.34,163.23,168.31,38.34,34.95,40.53,2.62,1.86,4.85,431.4,430.5,433.1,116693,112290,120066
1,8,7.99,8.06,-7.11,-7.33,-5.81,0.88,0.42,1.17,3.34,3.18,5.43,173.23,170.65,175.86,24.85,23.32,43.01,1.72,0.9,4.47,424.5,423.5,428.8,113156,109116,119412
1,8.18,8.09,8.24,-6.51,-6.66,-6.48,0.68,0.65,0.9,4.8,4.5,4.93,173.54,172.14,174.43,36.41,33.9,36.84,1.88,1.59,4.53,422.9,412.9,427.2,104393,85981,127980
1,8.21,8.21,8.26,-6.39,-6.39,-4.66,0.18,0.18,0.66,5.22,5.22,6.72,175.17,171.97,178.36,39.25,39.25,55.02,1.94,1.94,4,417.7,417,418.7,101502,100551,105142
1,8.24,8.23,8.28,-4.88,-5.44,-4.36,0.14,-0.96,0.32,6.56,6.08,6.96,181.96,176.6,191.1,52.82,48.15,57.94,3.96,3.84,4.22,417,416.6,418.9,96317,91563,100955
1,8.08,8.08,8.09,-5.64,-5.64,-4.98,-1.06,-1.06,0.62,5.57,5.57,6.32,181.77,172.9,190.65,44.15,44.15,51.53,3.32,3.32,4.89,427.2,423.3,428.6,119837,109983,128401
1,8.09,7.33,8.12,-4.98,-5.22,-4.83,-2.13,-2.7,2.93,5.5,4.35,5.92,187.15,148.72,207.38,43.09,37.58,47.55,3.84,3.77,4.83,428.7,428.3,429.5,125383,121265,126159
1,7.43,7.33,7.54,-0.08,-4.83,1.07,6.95,2.93,6.97,-1.5,-2.21,4.35,105.89,81.26,148.72,-12.16,-17.48,37.58,6.94,4.15,4.47,430.1,429.6,431.7,124101,119945,129397
1,7.61,7.57,7.61,-2,-2.26,2.59,6.63,4.36,6.96,-2.78,-5.39,-1.54,91.81,59.23,108.84,-21.6,-46.74,-12.02,6.25,5.73,4.79,430.2,428.3,431.4,113536,113185,126975
1,7.65,7.61,7.79,0.34,-0.63,0.61,5.64,4.22,6.93,-5.04,-6.11,3.27,89.99,84.96,98.49,-41.75,-55.06,25.18,7.36,6.28,5.05,433.9,428.4,435.1,116257,112260,119904
1,7.8,7.77,7.81,0.64,-0.44,0.67,7.48,7.21,7.6,2.05,1.25,2.63,87.76,84.7,93.4,15.32,9.34,19.93,7.07,6.77,5.08,434.1,429.7,434.7,109618,108078,119395
1,7.78,7.77,7.8,-0.17,-0.19,0.73,7.55,6.96,7.57,1.1,0.75,2.51,89.09,84.47,91.42,8.19,5.7,19.84,6.83,6.7,5.03,434.6,434.1,434.7,108561,106877,111681
1,7.86,7.83,7.87,-2.95,-3.55,-0.56,6.11,4.14,7.27,3.85,0.95,5.62,113.63,94.4,130.63,29.54,7.39,45.89,5.57,4.75,4.96,431,428.9,432.5,108292,103817,115844
1,7.87,7.84,7.92,-3.32,-3.39,-3.12,4.69,4.28,4.78,5.32,5.24,5.8,125.59,125.29,126.08,42.8,41.84,47.58,4.9,4.86,5.5,434,425.6,435.4,98771,93921,105772
1,8,7.95,8.06,-2.46,-3.9,-1.55,5.75,4.36,6.21,5.12,3.77,5.28,116.14,105.12,131.78,40.66,29.43,42.09,6.15,4.42,5.24,432.2,430.6,433.9,107149,99734,112062
1,8.12,8.05,8.15,0.16,-0.59,0.91,6.72,6.28,7,4.08,3.84,5.1,88.72,82.61,95.02,31.21,28.54,39.04,7.27,6.6,5.28,434.5,434.5,435.7,101664,100070,106890
1,8.24,8.21,8.26,-0.1,-0.63,-0.05,4.68,4.26,4.97,6.75,6.58,6.95,93.4,90.59,98.44,55.28,52.93,58.19,6.67,6.53,5.57,437.7,436.7,441.5,100536,100261,111482
1,8.26,8.22,8.35,-0.78,-0.8,-0.26,6.4,5.17,7.39,5.31,3.53,6.06,95.7,92.35,98.58,39.64,25.39,49.21,6.56,6.3,5.4,435,434.2,435.2,97962,96873,98520
1,8.41,8.41,8.41,0.76,0.31,1.69,6.32,5.53,6.65,5.44,5.06,6.06,81.15,72.98,87.34,40.51,37.23,46.33,7.18,7.17,6.97,439.8,438.8,451.9,143200,104111,153207
1,8.37,8.29,8.37,1.76,1.57,1.87,7.04,5.44,7.47,4.03,2.28,6.02,75.05,71.04,78.12,29.03,16.63,46.33,7.46,7.44,6.59,441.1,437.8,443.9,161234,125011,169655
1,8.31,8.28,8.32,0.31,0.27,2.52,7.85,6.55,7.94,2.68,2.33,4.38,81.6,68.94,88.08,18.84,16.32,31.95,7.26,7.14,6.11,439.1,436.3,440.6,143390,131990,196555
1,8.27,8.26,8.36,2.22,0.86,2.25,6.74,6.41,7.58,4.16,3.35,4.69,75.3,70.63,83.54,30.36,23.73,34.6,7.72,7.04,5.33,434.8,433.4,435.7,122592,110982,133814
1,8.31,8.29,8.31,1.86,1.39,2.03,7.1,6.98,7.54,3.86,3.02,4.01,76.24,73.8,79.56,27.75,21.5,28.85,7.43,7.41,5.04,433.6,432.6,434.2,106230,100187,107180
1,8.3,8.27,8.31,0.67,0.48,2.12,6.89,6.8,6.93,4.5,4.14,4.59,81.06,72.69,85.99,32.87,30.2,33.61,7.46,7.37,5,433.3,433.2,433.9,102537,99036,102752
1,8.34,8.28,8.35,2.99,1.81,4.41,6.36,5.04,6.54,4.63,4.43,4.9,62.74,48.77,74.55,34.3,32.22,36.19,8.61,7.49,5.21,434.4,433.5,434.5,97978,97279,99376
1,8.37,8.35,8.38,4.34,4.3,4.57,5,4.96,5.3,4.96,4.76,5.08,49.12,47.34,50.67,36.29,34.81,37.62,10.81,10.4,4.97,435.4,434.9,435.5,97971,89660,99502
1,8.34,8.32,8.35,4.89,4.56,5.28,4.9,4.41,5.23,4.62,4.61,4.68,44.6,39.89,48.9,33.7,33.62,34.23,10.48,10.22,5.02,435.2,434.2,436.6,96346,94295,117472
1,8.37,8.37,8.41,4.86,4.59,5.31,4.67,4.42,4.79,4.91,4.7,5.13,43.27,39.74,46.23,36.07,34.25,37.67,10.41,10.39,5.64,435.7,433.1,438,124663,122038,129817
1,8.42,8.39,8.43,1.22,1.03,2.7,6.96,6.02,7.18,4.46,4.25,5.09,75.94,65.85,81.86,32.28,30.37,37.64,7.51,7.5,6.01,434.7,432.4,436.7,112889,101234,128765
1,8.44,8.42,8.45,0.96,0.44,1.84,6.93,6.82,7.17,4.49,4.37,4.66,81.16,74.91,86.49,32.44,31.28,33.66,7.33,7.06,6.81,452,450.3,453.8,138494,137672,138836
1,8.49,8.45,8.56,1.85,1.38,2.07,6.49,6.44,6.73,5.18,4.89,5.22,74.88,72.26,78.45,37.24,35.42,37.9,7.52,7.49,5.26,423.6,420.9,434.6,127441,120741,133482
1,8.56,8.55,8.62,2.64,2.03,2.81,5.97,5.88,6.47,5.5,5.22,5.62,67.74,64.49,72.58,40.13,37.59,40.76,7.71,7.39,4.85,420.6,418.5,428.1,154720,150216,176390
1,8.57,8.56,8.63,3.04,1.74,3.68,6,5.71,6.65,5.16,5.12,5.27,65.23,57.25,75.32,37.23,36.68,38.09,8.77,7.68,5.61,433.8,422.9,441.3,132676,126858,155244
1,8.6,8.59,8.63,2.92,2.32,3.4,6.75,6.43,6.89,4.47,4.21,4.75,66.73,62.15,71.04,31.57,29.39,33.64,8.32,7.69,5.14,435.5,432.3,435.6,120033,111211,124873
1,8.65,8.64,8.7,2.37,1.03,2.59,6.38,5.34,7.49,4.49,3.37,6.47,73.23,69.66,79.12,33.39,23.04,49.97,7.65,7.39,5.89,440.4,435.6,449.2,120617,117326,146194
1,8.71,8.7,8.73,3.58,2.7,4.86,6.9,6.88,7.36,3.6,2.13,3.67,62.41,54.79,69.86,24.88,14.21,25.06,9.81,8.26,5.56,436.5,435.9,448.4,125812,123007,154817
1,8.56,8.4,8.67,2.68,2.4,2.72,7.35,7.1,7.38,3.33,3.15,3.58,70.31,69.02,71.96,23.05,22.46,24.78,8.02,7.5,5.98,449.6,434.6,454.9,153655,122736,173838
1,8.64,8.64,8.67,1.88,1.5,2.44,6.58,6.45,7.15,5.32,4.16,5.42,74,71.18,77.11,38.35,28.82,38.78,7.78,7.7,5.81,439.5,438.8,450.9,107671,104947,156633
1,8.7,8.69,8.7,0.77,-0.75,0.98,6.17,5.84,6.31,6.04,5.88,6.36,86.85,81.17,96.94,44.19,42.65,47.18,7.47,6.82,5.36,434.1,433.9,436.3,103236,102232,112292
1,8.73,8.71,8.77,-0.93,-1.13,-0.55,6.34,6.18,6.69,5.92,5.43,5.96,97.79,94.68,100.07,42.63,38.94,43.67,6.93,6.68,5.32,436.7,435.3,437.5,104196,96388,107016
1,8.86,8.84,8.87,-1.21,-1.4,-0.98,6.46,3.8,6.77,5.93,5.54,7.17,103,98.65,110.24,42.24,38.85,60.54,6.9,6.53,5.72,441.2,440.3,441.6,138359,115829,152616
1,8.74,8.74,8.78,-0.01,-1.64,1.18,1.04,-0.33,2.94,8.58,8.09,8.6,109.61,68.18,191.52,78.98,68.61,83.08,7.02,6.13,5.97,447.7,443.3,448.4,146366,141173,171618
1,8.7,8.67,8.73,0.6,-0.11,1.51,4.2,3.2,4.84,7.4,7.15,7.97,79.33,64.73,91.26,60.17,55.91,66.07,7.48,7.25,5.84,456.2,453.7,458.3,181679,175886,185024
1,8.66,8.64,8.72,-0.45,-1.75,-0.44,3.1,2.36,5.15,8.08,6.89,8.11,106.46,95.01,126.56,68.92,53.15,69.98,6.53,5.77,5.82,440,438.1,441.6,101705,99895,122223
1,8.72,8.66,8.72,1.64,0.87,1.74,2.18,1.8,2.6,8.25,8.14,8.35,56.83,47.68,71.5,71.63,71.08,73.74,7.34,7.2,7.09,457.6,451.4,466.2,140583,124991,145526
1,8.53,8.51,8.6,3,1.44,3.6,3.33,3.06,3.59,7.08,7.07,7.71,52.31,40.35,66.56,56.5,56.28,64.78,7.74,7.24,7.6,462.2,460.2,469.7,110380,107442,146102
1,8.55,8.52,8.58,3.5,2.82,3.57,4.32,3.2,5.1,6.44,6.29,7.06,51.3,42.42,61.07,48.97,47.17,56.13,8,7.69,8.51,476,474.7,483.3,169505,167395,173656
1,8.58,8.57,8.65,-4.24,-5.62,3.47,6.45,4.78,7.08,-0.17,-0.39,6.21,103.55,54.05,131.09,-1.18,-2.62,46.46,6.36,4.06,9.18,482.9,453.2,483.7,167080,156473,169576
1,8.64,8.61,8.71,-4.43,-5.84,-2.72,7.18,6.36,8,-0.72,-1.39,-0.52,121,108.76,132.54,-4.9,-9.35,-3.45,5.13,4.53,6.37,453,447.1,454.1,136554,135490,141534
1,8.54,8.53,8.58,-4.91,-5.06,-4.69,6.39,6.19,6.4,-3.11,-3.17,-2.51,127.67,126.26,128.4,-21.45,-21.78,-17.07,4.6,4.47,6.22,455,453.5,455.3,148041,137490,160827
1,8.52,8.5,8.56,-5.87,-5.99,-4.6,5.92,4.9,6.57,0.92,-2.74,3.11,133.51,125.01,140.14,6.24,-18.86,22.11,4.49,3.7,5.72,452.4,451.6,453.6,154410,150099,167330
1,8.54,8.52,8.57,-6.47,-6.55,-6.2,5.55,5.42,5.73,-0.51,-1,0.31,139.01,137.27,140.39,-3.45,-6.77,2.08,3.76,3.67,5.55,437.5,437,452.9,102746,98434,152508
1,8.55,8.54,8.57,-5.36,-5.94,-4.77,6.12,6.02,6.72,-2.28,-2.33,0.27,130.41,125.37,134.64,-15.45,-15.99,1.83,4.51,4.21,5.58,437.5,436.3,444.8,129748,101124,137789
1,8.53,8.5,8.53,-6.62,-7.31,-6.57,5.21,4.32,5.27,-0.39,-0.75,-0.29,144.14,141.46,149.4,-2.61,-5.15,-1.94,2.77,2.7,4.66,434.4,434.3,436.2,117469,115160,118398
1,8.55,8.51,8.56,-6.06,-6.76,-5.66,5.97,5.17,6.12,-0.62,-1.33,-0.54,136.92,132.79,142.56,-4.18,-9.09,-3.64,3.91,3.66,5,434.4,433.8,434.4,106060,102701,110978
1,8.47,8.44,8.53,-5.7,-6.05,-5.67,6.14,5.76,6.18,-0.03,-1.11,0.63,133.93,132.51,136.39,-0.18,-7.52,4.31,4.44,4.17,4.99,432.8,431.8,434,103040,94935,103394
1,8.49,8.46,8.5,-6.32,-6.66,-6,5.36,4.85,5.64,-1.99,-2.06,-1.63,140.14,136.77,143.96,-13.6,-14.06,-11.14,3.98,3.56,4.94,436.2,435.7,437.1,98488,90568,106771
1,8.41,8.33,8.49,-3.24,-6.53,-0.58,5.95,4.79,6.75,1.11,-2.44,4.78,119.05,94.9,143.74,9.32,-16.75,35.23,4.3,3.71,5.05,436.6,436.1,438,98186,89995,103157
1,8.38,8.34,8.47,-2.85,-2.89,-1.82,7.24,7.02,7.56,2.98,2.34,4.12,108.99,104.5,111.51,20.97,16.11,29.62,5.36,5.17,5.52,437.8,437.3,438.8,109408,105856,112363
1,8.44,8.41,8.45,-2.71,-2.73,-0.98,5.64,5.44,7.69,5.47,1.37,6.33,108.47,100.18,115.65,41.17,9.55,48.87,5.37,5.26,6.31,439.6,438,452.5,102422,101455,140491
1,8.29,8.12,8.5,-2.81,-2.93,-0.67,6.97,4.21,7.06,-2.47,-2.7,7.32,107.85,98.99,112.57,-17.9,-19.77,59.75,6,5.43,5.89,453,452,453.5,150668,146017,158982
1,8.26,8.12,8.29,-2.53,-3.46,-1.9,4.63,2.38,6.48,6.42,-3.28,6.94,122.35,112.34,136.71,52.08,-24.03,63.42,6.23,5.12,5.79,453.4,453.2,454.3,149828,145972,166364
1,8.24,8.16,8.25,-4.14,-4.18,-1.02,5.68,5.57,6.37,3.25,3,5.89,116.62,100.35,126.06,24.8,21.5,46.11,5.07,4.82,6.48,452.3,451.7,460.9,147142,111621,156640
1,8.02,7.92,8.1,-4.18,-4.45,-2.81,4.27,4.14,5.69,5.18,3.49,5.47,128.88,123.34,135.28,41.39,25.77,46.96,5.27,5.05,7.63,466.4,460.3,466.9,151490,115853,154531
1,8.28,7.89,8.34,-4.19,-5.48,-3.44,6.34,4.38,6.85,-1.69,-4.14,2.07,127.08,118.48,141.41,-11.86,-30.53,15.99,5.65,4.01,6.28,455.1,454.3,457.7,118136,115438,126719
1,8.33,8.33,8.34,-5.42,-5.56,-5.29,3.32,3.13,3.97,-5.16,-5.45,-5.06,147.44,143.12,150.03,-38.56,-41.04,-37.42,3.97,3.97,6.45,455.3,455.2,457.1,117638,109743,128364
1,8.38,8.38,8.51,-2.16,-2.31,-0.9,6.17,4.28,6.32,-5.56,-6.75,-4.75,108.5,98.14,116.79,-41.04,-54.59,-35.77,6.06,6,6.52,456.1,453.7,457.4,113583,113541,123562
1,8.46,8.43,8.52,-4.44,-5.05,-2.18,5.85,4.3,6.09,-3.89,-6.89,-3.41,124.59,116.84,130.81,-27.27,-55.01,-23.84,4.85,4.46,6.47,454.1,453.4,455.1,136647,120850,139443
1,8.64,8.56,8.66,-2.41,-3.15,-2.3,4.01,3.71,5,-7.31,-7.36,-6.12,121.7,119.89,122.95,-57.69,-58.99,-46,5.47,5.38,6.34,453.8,453.5,455.2,134836,126036,136472
1,8.64,8.59,8.64,-2.64,-2.93,-2.2,4.16,3.94,4.65,-6.92,-7.31,-6.64,121.32,119.18,125.16,-53.69,-58.29,-51.18,5.72,5.54,6.26,453.9,453.4,454.2,138141,133139,169030
1,8.59,8.51,8.6,-2.24,-2.61,-1.46,5.82,2.06,6.27,-5.69,-8.06,-5.26,116.35,111.07,125.37,-42.37,-72.6,-37.77,5.76,5.47,6.49,458.5,457.2,458.7,118082,114766,121984
1,8.56,8.55,8.59,-3.56,-3.88,-2.83,6.81,6.22,7.1,-3.36,-4.94,-2.71,116.89,114.45,118.65,-23.64,-35.89,-18.5,4.89,4.89,7.31,464,460.7,467.2,118316,112629,147632
1,8.55,8.51,8.57,-2.63,-3.45,-2.25,7.08,7,7.24,-3.58,-4.19,-3.27,111.3,107.65,116.26,-24.95,-29.41,-22.7,5.55,5.22,6.53,462.5,462,464.5,122320,112606,124419
1,8.5,8.48,8.6,-1.74,-3.48,-1.52,7.35,6.01,8.19,-0.98,-4.77,2.11,107.96,100.54,120.1,-7.38,-34.46,14.2,6.05,5.15,7.05,465.9,463.3,470.2,113126,107407,129919
1,8.63,8.6,8.77,-2.47,-2.66,-2.38,8.08,8.02,8.25,1.54,1.52,1.82,107.12,106.39,108.33,10.2,10.12,12.2,5.81,5.77,10.38,468.7,467.8,490.5,195897,138764,318295
1,8.82,8.77,8.84,1.13,-0.66,1.89,8.66,8.52,8.69,-0.91,-0.98,0.48,84.8,77.5,94.34,-5.97,-6.38,3.16,7.48,6.48,6.63,462.3,457.3,465.8,134455,126079,143250
1,8.9,8.84,8.93,2.17,1.61,2.42,8.45,8.1,8.63,-1.44,-2.71,-0.59,76.14,73.39,79.44,-9.39,-17.79,-3.83,7.63,7.54,6.21,457.9,457.6,460,139424,135214,145916
1,8.94,8.94,8.96,-0.32,-0.37,1.59,8.86,8.48,8.9,-0.02,-2.22,0.93,87.94,79.38,92.36,-0.13,-14.44,6.02,6.84,6.66,5.87,445.2,442.6,453.8,134337,121518,155637
1,8.94,8.93,8.95,0.93,0.71,0.95,8.82,8.75,8.9,-0.21,-1.15,-0.17,84.41,83.81,85.45,-1.34,-7.46,-1.09,7.74,7.71,5.83,458.3,455.8,459.6,156843,148809,164963
1,8.97,8.97,9.01,0.22,-0.24,0.72,8.95,8.8,8.95,0.15,-0.43,0.88,88.47,85.29,91.51,0.98,-2.77,5.59,7.4,7.34,3.73,415.1,413.4,417.2,88679,87904,108043
1,9.11,9.04,9.13,-1.83,-2.07,-1.72,8.66,8.19,8.8,-0.05,-0.7,1.96,102.34,101.2,103.21,-0.31,-4.43,12.54,6.45,6.27,3.32,410.3,410.3,411.7,99621,98720,106844
1,9.17,9.15,9.18,-0.28,-1.22,2.66,8.44,6.86,8.89,2.43,1.73,5.42,86.23,68.79,97.8,16.08,10.91,36.36,7.07,6.62,3.58,413.9,413.8,414.2,96151,84224,98328
1,9.2,9.19,9.26,2.08,1.56,2.18,7.37,6.94,7.46,5.24,5.04,5.6,74.99,72.57,78.16,34.5,33.34,37.61,8.14,7.97,6.51,429,417.5,429.9,146733,104779,180873
1,9.23,9.21,9.3,0.14,-0.28,1.36,7.62,6.52,7.77,5,4.96,6.38,86.91,79.85,92.08,32.75,32.65,44.37,7.95,7.15,5.09,424,418.1,428.6,136302,88014,161718
1,9.29,9.29,9.34,0.54,-2.09,0.58,6.07,5.7,7.47,6.22,5.07,7.27,92.95,84.15,109,44.1,34.11,51.75,7.8,6.11,4,420,413.9,423.6,97320,83519,125898
1,9.32,9.28,9.32,1.14,1,1.38,8.69,7.89,8.75,3.05,3,4.32,82.03,80.08,83.5,19.11,18.87,28.34,7.99,7.86,4.3,425.8,414.7,426.4,119007,88732,124974
1,9.21,9.19,9.21,0.6,-1.23,0.8,7.88,7.07,8.57,4.14,1.54,5.6,89.18,84.23,98.17,27.59,10.12,38.32,7.82,6.68,4.25,428.6,424.6,434.4,120640,120420,126024
1,9.23,9.22,9.33,-0.7,-1.48,3.88,7.77,5.62,8.51,5.02,2.4,5.99,83.73,55.35,99.86,32.77,15.53,41.29,8.3,7.52,4.38,423.4,422.7,424.1,115151,111746,116613
1,9.36,9.35,9.37,-0.39,-1.57,0.59,7.71,6.86,7.76,5.05,4.95,6.14,93.79,85.61,102.89,33.12,32.5,41.09,7.14,6.67,4.4,424.3,423.7,435.1,109668,104338,119499
1,9.4,9.38,9.41,-1.8,-2.08,-0.49,7.15,6.96,7.37,5.79,5.75,5.9,101.5,93.77,106.6,38.16,37.91,39.06,6.66,6.56,4.63,435.7,435.4,437,100534,100500,113930
1,9.38,9.37,9.38,-1.78,-2.19,-1.2,6.86,6.63,6.99,6.22,5.74,6.36,104.09,99.9,107.39,41.77,38.1,42.78,6.39,6.36,5.12,436.5,427.7,438.1,109685,98741,121931
1,9.34,9.33,9.36,-2,-2.12,-1.37,6.4,6.18,6.74,6.37,6.28,6.71,105.92,101.53,108.34,43.36,42.41,45.94,6.32,6.3,6.26,459.9,428,462.3,110868,103761,119822
1,9.33,9.3,9.33,-1,-1.31,-0.88,6.62,6.13,6.71,6.44,6.4,6.87,99.39,97.46,102.08,43.89,43.4,47.6,6.84,6.79,6.06,461.3,460.5,463.3,142989,138856,150483
1,9.36,9.32,9.36,0.96,-0.34,1.8,7.94,5.64,8.32,4.51,4.06,6.12,84.7,77.21,93.46,28.98,25.84,47.3,8.21,6.88,6.06,460,459.5,461.2,121890,115081,125867
1,9.41,9.37,9.44,-1.07,-1.59,-0.08,5.01,4.87,5.93,7.68,7.26,7.96,100.27,90.78,107.64,55.59,50.75,57.98,6.92,6.75,6.4,458.8,454.6,461.4,131523,129374,145396
1,9.46,9.44,9.47,0.1,-0.93,0.15,6.21,5.93,6.29,7.1,7.03,7.28,92.2,88.62,98.87,48.8,48.2,50.5,7.45,7.03,6.1,458.4,457,459.1,141573,120518,145966
1,9.44,9.43,9.45,-1.93,-2.7,-1.17,6.15,5.6,6.42,6.65,6.34,7.4,107.36,101.84,112.83,45.88,42.3,52.26,6.27,5.92,5.6,429.7,428.5,438.6,91336,90043,100521
1,9.4,9.4,9.45,-5.09,-6.01,-3.09,3.42,3.28,5.13,7.13,6.36,7.32,139.63,121.06,150.36,49.63,42.59,50.73,4.29,4.24,5.24,432.2,431.9,433.8,76263,74401,80706
1,9.39,9.38,9.39,-4.93,-5.27,-3.5,2.33,1.96,2.66,7.77,7.25,8.36,152.6,146.31,158.27,55.66,50.82,63.3,4.79,4.77,5.34,430.3,429.2,435.2,87843,71898,88614
1,9.35,9.34,9.4,-2.57,-2.75,-2.54,3.1,3.08,4.84,8.36,7.01,8.48,126.36,117.64,131.79,63.69,52.05,64.62,5.74,5.69,5,429.1,427.9,429.6,100312,95217,100591
1,9.53,9.47,9.53,-3.71,-4.1,-2.94,2.86,2.1,3.26,8.5,7.9,8.51,142.59,135.84,150.41,63.36,56.45,64.27,5.77,5.02,5,432.1,431.8,433,79895,75113,85836
1,9.53,9.5,9.54,-6.31,-7.08,-5.33,2.7,2.38,3.25,6.36,5.63,7.22,155.75,152.75,161.42,41.84,37.03,50.37,3.66,2.33,5.52,438.9,432.3,441.4,86306,78166,95227
1,9.57,9.51,9.57,-8.06,-9.06,-8.03,1.52,1.1,2.39,4.5,2.38,4.82,168.61,163.41,173.08,28.27,14.59,30.44,1.27,0.86,5.73,442.9,439.8,446.2,91599,69907,103261
1,9.58,9.56,9.67,-4.79,-6.36,-3.5,2.16,1.08,5.97,6.76,5.55,8.17,149.13,128.73,170.41,46.31,35.95,63.27,4.69,3.08,6.06,455.2,447.9,457.7,111597,104872,125481
1,9.62,9.61,9.65,-3.09,-3.33,-1.95,-0.65,-0.9,0.5,9.06,8.98,9.4,189.43,171.51,204.81,70.79,69.43,77.13,5.78,5.7,5.58,435.3,434.1,440,101846,92879,103126
1,9.52,9.51,9.57,-4.39,-4.8,-4,0.85,-0.29,0.99,8.4,8.14,8.57,172.88,166.15,183.49,61.97,59.41,64.31,5.09,4.89,4.79,432.3,430.2,433,106163,103410,106829
1,9.53,9.51,9.56,-5.61,-5.65,-5.06,-0.06,-0.41,-0.03,7.75,7.59,8.03,181.83,180.33,184.59,54.12,53.33,57.72,4.39,4.32,5.08,435.7,434,436.2,100694,98662,110825
1,9.65,9.47,9.71,-3.67,-5.35,-3.5,5.46,1,5.62,7.1,6.99,7.6,138.03,121.96,169.36,47.2,46.55,54.4,5.85,4.83,4.37,428,424.1,433.8,111049,105089,113854
1,9.67,9.54,9.73,-2.66,-3.44,-1.94,9.01,7.52,9.47,1.33,0.17,3.07,107.31,101.58,110.89,7.82,0.99,21.04,5.97,5.58,5.03,432.8,425.3,433.5,98389,85900,108106
